0,1,0,0,0,100,200,0,-100,200,2,0.000331824,
3,1,0,0,0,200,200,0,-200,200,2,0.0106526,
6,1,0,0,0,300,200,0,-300,200,2,0.487000051,
9,1,0,0,0,400,200,0,-400,200,2,0.499197849,
12,1,0,0,0,500,200,0,-500,200,2,0.49702549,
15,1,0,0,0,600,200,0,-600,200,2,0.495605409,
18,1,0,0,0,700,200,0,-700,200,2,0.502705753,
21,1,0,0,0,800,200,0,-800,200,2,0.488798337,
24,1,0,0,0,900,200,0,-900,200,2,0.490628661,
27,1,0,0,0,1000,200,0,-1000,200,2,0.499646111,
30,1,0,0,0,1100,200,0,-1100,200,2,0.482823481,
33,1,0,0,0,1200,200,0,-1200,200,2,0.487084354,
36,1,0,0,0,1300,200,0,-1300,200,2,0.487983208,
39,1,0,0,0,1400,200,0,-1400,200,2,0.489495278,
42,1,0,0,0,1500,200,0,-1500,200,2,0.486430015,
153,1,0,0,0,2100,1000,0,-2100,1000,2,0.721396983,
156,1,0,0,0,4800,1000,0,-4800,1000,2,0.846363347,
159,1,0,0,0,3800,1000,0,-3800,1000,2,0.951446195,
162,1,0,0,0,3300,1000,0,-3300,1000,2,0.941508215,
165,1,0,0,0,2400,1000,0,-2400,1000,2,0.827902418,
168,1,0,0,0,1200,1000,0,-1200,1000,2,0.570860886,
171,1,0,0,0,3000,1000,0,-3000,1000,2,0.930139109,
174,1,0,0,0,4700,1000,0,-4700,1000,2,0.958549064,
177,1,0,0,0,4500,1000,0,-4500,1000,2,0.990467147,
180,1,0,0,0,4600,1000,0,-4600,1000,2,0.978421711,
183,1,0,0,0,2900,1000,0,-2900,1000,2,0.901002392,
186,1,0,0,0,400,1000,0,-400,1000,2,0.445032669,
189,1,0,0,0,500,1000,0,-500,1000,2,0.470720178,
192,1,0,0,0,700,1000,0,-700,1000,2,0.503449554,
195,1,0,0,0,2000,1000,0,-2000,1000,2,0.690146848,
198,1,0,0,0,2500,1000,0,-2500,1000,2,0.811613849,
201,1,0,0,0,3500,1000,0,-3500,1000,2,0.946436164,
204,1,0,0,0,800,1000,0,-800,1000,2,0.503458074,
207,1,0,0,0,1400,1000,0,-1400,1000,2,0.581553573,
210,1,0,0,0,200,1000,0,-200,1000,2,0.368551156,
213,1,0,0,0,3600,1000,0,-3600,1000,2,0.93374013,
216,1,0,0,0,3900,1000,0,-3900,1000,2,0.940840474,
219,1,0,0,0,600,1000,0,-600,1000,2,0.463696054,
222,1,0,0,0,4100,1000,0,-4100,1000,2,0.953621042,
225,1,0,0,0,3100,1000,0,-3100,1000,2,0.928727567,
228,1,0,0,0,2800,1000,0,-2800,1000,2,0.887206542,
231,1,0,0,0,2300,1000,0,-2300,1000,2,0.783235619,
234,1,0,0,0,4900,1000,0,-4900,1000,2,0.843531552,
237,1,0,0,0,5000,1000,0,-5000,1000,2,0.732893415,
240,1,0,0,0,1900,1000,0,-1900,1000,2,0.604626091,
243,1,0,0,0,2700,1000,0,-2700,1000,2,0.850623563,
246,1,0,0,0,3200,1000,0,-3200,1000,2,0.933104428,
249,1,0,0,0,1500,1000,0,-1500,1000,2,0.556668527,
252,1,0,0,0,1800,1000,0,-1800,1000,2,0.593590431,
255,1,0,0,0,100,1000,0,-100,1000,2,0,
258,1,0,0,0,4200,1000,0,-4200,1000,2,0.949318606,
261,1,0,0,0,900,1000,0,-900,1000,2,0.466460105,
264,1,0,0,0,1600,1000,0,-1600,1000,2,0.550303602,
267,1,0,0,0,1100,1000,0,-1100,1000,2,0.464363806,
270,1,0,0,0,4300,1000,0,-4300,1000,2,0.97629996,
273,1,0,0,0,4000,1000,0,-4000,1000,2,0.93437296,
276,1,0,0,0,2200,1000,0,-2200,1000,2,0.695063431,
279,1,0,0,0,4400,1000,0,-4400,1000,2,0.98140468,
282,1,0,0,0,3700,1000,0,-3700,1000,2,0.926597495,
285,1,0,0,0,1000,1000,0,-1000,1000,2,0.456511079,
288,1,0,0,0,1700,1000,0,-1700,1000,2,0.565188937,
291,1,0,0,0,300,1000,0,-300,1000,2,0.445902839,
294,1,0,0,0,1300,1000,0,-1300,1000,2,0.462233681,
297,1,0,0,0,2600,1000,0,-2600,1000,2,0.814445477,
300,1,0,0,0,3400,1000,0,-3400,1000,2,0.903552389,
303,1,0,0,0,600,1000,0,-600,1000,2,0.458683483,
306,1,0,0,0,100,1000,0,-100,1000,2,0.000710037,
309,1,0,0,0,1400,1000,0,-1400,1000,2,0.476434428,
312,1,0,0,0,2800,1000,0,-2800,1000,2,0.832830413,
315,1,0,0,0,2300,1000,0,-2300,1000,2,0.734845384,
318,1,0,0,0,200,1000,0,-200,1000,2,0.311663671,
321,1,0,0,0,2100,1000,0,-2100,1000,2,0.623944466,
324,1,0,0,0,1700,1000,0,-1700,1000,2,0.557414667,
327,1,0,0,0,1300,1000,0,-1300,1000,2,0.455992474,
330,1,0,0,0,1800,1000,0,-1800,1000,2,0.565188967,
333,1,0,0,0,3000,1000,0,-3000,1000,2,0.837090626,
336,1,0,0,0,2600,1000,0,-2600,1000,2,0.795240745,
339,1,0,0,0,1600,1000,0,-1600,1000,2,0.54246781,
342,1,0,0,0,1900,1000,0,-1900,1000,2,0.57086923,
345,1,0,0,0,2000,1000,0,-2000,1000,2,0.59217032,
348,1,0,0,0,1500,1000,0,-1500,1000,2,0.542467795,
351,1,0,0,0,900,1000,0,-900,1000,2,0.439554826,
354,1,0,0,0,2200,1000,0,-2200,1000,2,0.663173996,
357,1,0,0,0,1000,1000,0,-1000,1000,2,0.455667421,
360,1,0,0,0,2900,1000,0,-2900,1000,2,0.823001925,
363,1,0,0,0,2500,1000,0,-2500,1000,2,0.747702081,
366,1,0,0,0,1100,1000,0,-1100,1000,2,0.44664665,
369,1,0,0,0,400,1000,0,-400,1000,2,0.427441888,
372,1,0,0,0,700,1000,0,-700,1000,2,0.434542261,
375,1,0,0,0,2700,1000,0,-2700,1000,2,0.78758244,
378,1,0,0,0,1200,1000,0,-1200,1000,2,0.448743001,
381,1,0,0,0,500,1000,0,-500,1000,2,0.43132167,
384,1,0,0,0,300,1000,0,-300,1000,2,0.421879934,
387,1,0,0,0,2400,1000,0,-2400,1000,2,0.737761734,
390,1,0,0,0,800,1000,0,-800,1000,2,0.438616466,
393,1,0,0,0,600,1000,0,-600,1000,2,0.421339066,
396,1,0,0,0,100,1000,0,-100,1000,2,0.000752323,
399,1,0,0,0,1400,1000,0,-1400,1000,2,0.52617927,
402,1,0,0,0,2800,1000,0,-2800,1000,2,0.818629644,
405,1,0,0,0,2300,1000,0,-2300,1000,2,0.732757524,
408,1,0,0,0,200,1000,0,-200,1000,2,0.305315629,
411,1,0,0,0,2100,1000,0,-2100,1000,2,0.685345749,
414,1,0,0,0,1700,1000,0,-1700,1000,2,0.597850636,
417,1,0,0,0,1300,1000,0,-1300,1000,2,0.492026186,
420,1,0,0,0,1800,1000,0,-1800,1000,2,0.601121237,
423,1,0,0,0,3000,1000,0,-3000,1000,2,0.863404222,
426,1,0,0,0,2600,1000,0,-2600,1000,2,0.79950095,
429,1,0,0,0,1600,1000,0,-1600,1000,2,0.589029937,
432,1,0,0,0,1900,1000,0,-1900,1000,2,0.609118751,
435,1,0,0,0,2000,1000,0,-2000,1000,2,0.641864513,
438,1,0,0,0,1500,1000,0,-1500,1000,2,0.572744395,
441,1,0,0,0,900,1000,0,-900,1000,2,0.444482796,
444,1,0,0,0,2200,1000,0,-2200,1000,2,0.732749198,
447,1,0,0,0,1000,1000,0,-1000,1000,2,0.460103406,
450,1,0,0,0,2900,1000,0,-2900,1000,2,0.825062267,
453,1,0,0,0,2500,1000,0,-2500,1000,2,0.783880167,
456,1,0,0,0,1100,1000,0,-1100,1000,2,0.467486029,
459,1,0,0,0,400,1000,0,-400,1000,2,0.401880585,
462,1,0,0,0,700,1000,0,-700,1000,2,0.435953791,
465,1,0,0,0,2700,1000,0,-2700,1000,2,0.798748769,
468,1,0,0,0,1200,1000,0,-1200,1000,2,0.484244658,
471,1,0,0,0,500,1000,0,-500,1000,2,0.407560878,
474,1,0,0,0,300,1000,0,-300,1000,2,0.402285463,
477,1,0,0,0,2400,1000,0,-2400,1000,2,0.753247144,
480,1,0,0,0,800,1000,0,-800,1000,2,0.452293176,
543,1,0,0,0,2000,1000,600,-2000,1000,2,0.713250661,
546,1,0,0,0,2000,1000,1000,-2000,1000,2,0.717474861,
549,1,0,0,0,2000,1000,2000,-2000,1000,2,0.880893062,
552,1,0,0,0,2000,1000,75,-2000,1000,2,0.809449855,
555,1,0,0,0,2000,1000,3000,-2000,1000,2,0.898196001,
558,1,0,0,0,2000,1000,4000,-2000,1000,2,0.903901719,
561,1,0,0,0,2000,1000,5000,-2000,1000,2,0.900283831,
564,1,0,0,0,2000,1000,800,-2000,1000,2,0.685218852,
567,1,0,0,0,2000,1000,500,-2000,1000,2,0.753348608,
570,1,0,0,0,2000,1000,700,-2000,1000,2,0.712039331,
573,1,0,0,0,2000,1000,400,-2000,1000,2,0.781257592,
576,1,0,0,0,2000,1000,50,-2000,1000,2,0.772855665,
579,1,0,0,0,2000,1000,25,-2000,1000,2,0.706486184,
582,1,0,0,0,2000,1000,300,-2000,1000,2,0.727474536,
585,1,0,0,0,2000,1000,100,-2000,1000,2,0.796946426,
588,1,0,0,0,2000,1000,7000,-2000,1000,2,0.887536939,
591,1,0,0,0,2000,1000,200,-2000,1000,2,0.712876551,
594,1,0,0,0,2000,1000,6000,-2000,1000,2,0.876184873,
597,1,0,0,0,2000,1000,900,-2000,1000,2,0.684494464,
600,1,0,0,0,2000,1000,10,-2000,1000,2,0.674586148,
1113,1,0,0,0,2100,1000,0,-2100,1000,2,0.747260136,
1116,1,0,0,0,4800,1000,0,-4800,1000,2,0.856303863,
1119,1,0,0,0,3800,1000,0,-3800,1000,2,0.879415555,
1122,1,0,0,0,3300,1000,0,-3300,1000,2,0.861308058,
1125,1,0,0,0,2400,1000,0,-2400,1000,2,0.800912653,
1128,1,0,0,0,1200,1000,0,-1200,1000,2,0.435198019,
1131,1,0,0,0,3000,1000,0,-3000,1000,2,0.858273986,
1134,1,0,0,0,4700,1000,0,-4700,1000,2,0.882617474,
1137,1,0,0,0,4500,1000,0,-4500,1000,2,0.887545459,
1140,1,0,0,0,4600,1000,0,-4600,1000,2,0.887755945,
1143,1,0,0,0,2900,1000,0,-2900,1000,2,0.864815925,
1146,1,0,0,0,400,1000,0,-400,1000,2,0.399425451,
1149,1,0,0,0,500,1000,0,-500,1000,2,0.385549743,
1152,1,0,0,0,700,1000,0,-700,1000,2,0.425273608,
1155,1,0,0,0,2000,1000,0,-2000,1000,2,0.801631052,
1158,1,0,0,0,2500,1000,0,-2500,1000,2,0.79854796,
1161,1,0,0,0,3500,1000,0,-3500,1000,2,0.857723944,
1164,1,0,0,0,800,1000,0,-800,1000,2,0.419952759,
1167,1,0,0,0,1400,1000,0,-1400,1000,2,0.47287571,
1170,1,0,0,0,200,1000,0,-200,1000,2,0.014200725,
1173,1,0,0,0,3600,1000,0,-3600,1000,2,0.871924691,
1176,1,0,0,0,3900,1000,0,-3900,1000,2,0.880445115,
1179,1,0,0,0,600,1000,0,-600,1000,2,0.408980958,
1182,1,0,0,0,4100,1000,0,-4100,1000,2,0.875850066,
1185,1,0,0,0,3100,1000,0,-3100,1000,2,0.853463702,
1188,1,0,0,0,2800,1000,0,-2800,1000,2,0.829322509,
1191,1,0,0,0,2300,1000,0,-2300,1000,2,0.790312768,
1194,1,0,0,0,4900,1000,0,-4900,1000,2,0.879025035,
1197,1,0,0,0,5000,1000,0,-5000,1000,2,0.864824302,
1200,1,0,0,0,1900,1000,0,-1900,1000,2,0.780372105,
1203,1,0,0,0,2700,1000,0,-2700,1000,2,0.785357006,
1206,1,0,0,0,3200,1000,0,-3200,1000,2,0.848527257,
1209,1,0,0,0,1500,1000,0,-1500,1000,2,0.55240833,
1212,1,0,0,0,1800,1000,0,-1800,1000,2,0.759448446,
1215,1,0,0,0,100,1000,0,-100,1000,2,0.000512331,
1218,1,0,0,0,4200,1000,0,-4200,1000,2,0.867664464,
1221,1,0,0,0,900,1000,0,-900,1000,2,0.418033903,
1224,1,0,0,0,1600,1000,0,-1600,1000,2,0.647225432,
1227,1,0,0,0,1100,1000,0,-1100,1000,2,0.419442623,
1230,1,0,0,0,4300,1000,0,-4300,1000,2,0.860549229,
1233,1,0,0,0,4000,1000,0,-4000,1000,2,0.863304659,
1236,1,0,0,0,2200,1000,0,-2200,1000,2,0.773939677,
1239,1,0,0,0,4400,1000,0,-4400,1000,2,0.861984149,
1242,1,0,0,0,3700,1000,0,-3700,1000,2,0.863404229,
1245,1,0,0,0,1000,1000,0,-1000,1000,2,0.417501375,
1248,1,0,0,0,1700,1000,0,-1700,1000,2,0.680891115,
1251,1,0,0,0,300,1000,0,-300,1000,2,0.26772599,
1254,1,0,0,0,1300,1000,0,-1300,1000,2,0.438802496,
1257,1,0,0,0,2600,1000,0,-2600,1000,2,0.766087115,
1260,1,0,0,0,3400,1000,0,-3400,1000,2,0.827234642,
1263,1,0,0,0,600,1000,0,-600,1000,2,0.406817067,
1266,1,0,0,0,100,1000,0,-100,1000,2,0.000752323,
1269,1,0,0,0,1400,1000,0,-1400,1000,2,0.463696019,
1272,1,0,0,0,2800,1000,0,-2800,1000,2,0.788892544,
1275,1,0,0,0,2300,1000,0,-2300,1000,2,0.759071187,
1278,1,0,0,0,200,1000,0,-200,1000,2,0.012780651,
1281,1,0,0,0,2100,1000,0,-2100,1000,2,0.759071187,
1284,1,0,0,0,1700,1000,0,-1700,1000,2,0.67169442,
1287,1,0,0,0,1300,1000,0,-1300,1000,2,0.433874504,
1290,1,0,0,0,1800,1000,0,-1800,1000,2,0.732140423,
1293,1,0,0,0,3000,1000,0,-3000,1000,2,0.82275862,
1296,1,0,0,0,2600,1000,0,-2600,1000,2,0.759738944,
1299,1,0,0,0,1600,1000,0,-1600,1000,2,0.639032759,
1302,1,0,0,0,1900,1000,0,-1900,1000,2,0.745876346,
1305,1,0,0,0,2000,1000,0,-2000,1000,2,0.751218475,
1308,1,0,0,0,1500,1000,0,-1500,1000,2,0.576549552,
1311,1,0,0,0,900,1000,0,-900,1000,2,0.417501383,
1314,1,0,0,0,2200,1000,0,-2200,1000,2,0.747702081,
1317,1,0,0,0,1000,1000,0,-1000,1000,2,0.417501383,
1320,1,0,0,0,2900,1000,0,-2900,1000,2,0.788054544,
1323,1,0,0,0,2500,1000,0,-2500,1000,2,0.746793393,
1326,1,0,0,0,1100,1000,0,-1100,1000,2,0.424568306,
1329,1,0,0,0,400,1000,0,-400,1000,2,0.394780211,
1332,1,0,0,0,700,1000,0,-700,1000,2,0.397620372,
1335,1,0,0,0,2700,1000,0,-2700,1000,2,0.739190019,
1338,1,0,0,0,1200,1000,0,-1200,1000,2,0.415413574,
1341,1,0,0,0,500,1000,0,-500,1000,2,0.377063085,
1344,1,0,0,0,300,1000,0,-300,1000,2,0.198142425,
1347,1,0,0,0,2400,1000,0,-2400,1000,2,0.742030279,
1350,1,0,0,0,800,1000,0,-800,1000,2,0.417754944,
1353,1,0,0,0,600,1000,0,-600,1000,2,0.381424753,
1356,1,0,0,0,100,1000,0,-100,1000,2,0.000752323,
1359,1,0,0,0,1400,1000,0,-1400,1000,2,0.475056447,
1362,1,0,0,0,2800,1000,0,-2800,1000,2,0.773263512,
1365,1,0,0,0,2300,1000,0,-2300,1000,2,0.742030279,
1368,1,0,0,0,200,1000,0,-200,1000,2,0.001420066,
1371,1,0,0,0,2100,1000,0,-2100,1000,2,0.739857875,
1374,1,0,0,0,1700,1000,0,-1700,1000,2,0.652354458,
1377,1,0,0,0,1300,1000,0,-1300,1000,2,0.435286064,
1380,1,0,0,0,1800,1000,0,-1800,1000,2,0.706528501,
1383,1,0,0,0,3000,1000,0,-3000,1000,2,0.777532116,
1386,1,0,0,0,2600,1000,0,-2600,1000,2,0.73066133,
1389,1,0,0,0,1600,1000,0,-1600,1000,2,0.622744159,
1392,1,0,0,0,1900,1000,0,-1900,1000,2,0.72498943,
1395,1,0,0,0,2000,1000,0,-2000,1000,2,0.72640099,
1398,1,0,0,0,1500,1000,0,-1500,1000,2,0.526906137,
1401,1,0,0,0,900,1000,0,-900,1000,2,0.424407356,
1404,1,0,0,0,2200,1000,0,-2200,1000,2,0.73058512,
1407,1,0,0,0,1000,1000,0,-1000,1000,2,0.429605771,
1410,1,0,0,0,2900,1000,0,-2900,1000,2,0.769011692,
1413,1,0,0,0,2500,1000,0,-2500,1000,2,0.724228737,
1416,1,0,0,0,1100,1000,0,-1100,1000,2,0.440011301,
1419,1,0,0,0,400,1000,0,-400,1000,2,0.381331817,
1422,1,0,0,0,700,1000,0,-700,1000,2,0.404052989,
1425,1,0,0,0,2700,1000,0,-2700,1000,2,0.753306291,
1428,1,0,0,0,1200,1000,0,-1200,1000,2,0.450163081,
1431,1,0,0,0,500,1000,0,-500,1000,2,0.378407112,
1434,1,0,0,0,300,1000,0,-300,1000,2,0.210923091,
1437,1,0,0,0,2400,1000,0,-2400,1000,2,0.717880566,
1440,1,0,0,0,800,1000,0,-800,1000,2,0.418169133,
1503,1,0,0,0,2000,1000,600,-2000,1000,2,0.690814579,
1506,1,0,0,0,2000,1000,1000,-2000,1000,2,0.667434171,
1509,1,0,0,0,2000,1000,2000,-2000,1000,2,0.815789483,
1512,1,0,0,0,2000,1000,75,-2000,1000,2,0.749130682,
1515,1,0,0,0,2000,1000,3000,-2000,1000,2,0.840683058,
1518,1,0,0,0,2000,1000,4000,-2000,1000,2,0.842770896,
1521,1,0,0,0,2000,1000,5000,-2000,1000,2,0.841426868,
1524,1,0,0,0,2000,1000,800,-2000,1000,2,0.720729188,
1527,1,0,0,0,2000,1000,500,-2000,1000,2,0.68589516,
1530,1,0,0,0,2000,1000,700,-2000,1000,2,0.709368602,
1533,1,0,0,0,2000,1000,400,-2000,1000,2,0.656817395,
1536,1,0,0,0,2000,1000,50,-2000,1000,2,0.749798432,
1539,1,0,0,0,2000,1000,25,-2000,1000,2,0.740610198,
1542,1,0,0,0,2000,1000,300,-2000,1000,2,0.628423238,
1545,1,0,0,0,2000,1000,100,-2000,1000,2,0.767957684,
1548,1,0,0,0,2000,1000,7000,-2000,1000,2,0.839144192,
1551,1,0,0,0,2000,1000,200,-2000,1000,2,0.646048369,
1554,1,0,0,0,2000,1000,6000,-2000,1000,2,0.849955813,
1557,1,0,0,0,2000,1000,900,-2000,1000,2,0.692327754,
1560,1,0,0,0,2000,1000,10,-2000,1000,2,0.727829591,
1644,0,0,0,0,0,0,0,0,0,0,0.36712258,1
1647,1,0,0,0,2300,20,0,-2300,20,2,0.364630193,0.99186817
1650,1,0,0,0,400,80,0,-400,80,2,0.016768224,0.045551388
1653,1,0,0,0,3000,40,0,-3000,40,2,0.37679265,1
1656,1,0,0,0,2400,40,0,-2400,40,2,0.375651539,1
1659,1,0,0,0,500,140,0,-500,140,2,0.37853049,1
1662,1,0,0,0,400,200,0,-400,200,2,0.355731235,0.961163584
1665,1,0,0,0,3500,20,0,-3500,20,2,0.37548379,1
1668,1,0,0,0,1300,120,0,-1300,120,2,0.376366926,1
1671,1,0,0,0,1900,40,0,-1900,40,2,0.376314541,1
1674,1,0,0,0,100,60,0,-100,60,2,0.00428657,0.01152016
1677,1,0,0,0,1000,100,0,-1000,100,2,0.376689756,1
1680,1,0,0,0,1600,100,0,-1600,100,2,0.380071127,1
1683,1,0,0,0,900,550,0,-900,550,2,0.37594896,1
1686,1,0,0,0,800,60,0,-800,60,2,0.378242838,1
1689,1,0,0,0,600,250,0,-600,250,2,0.372103546,0.993393818
1692,1,0,0,0,2700,40,0,-2700,40,2,0.374634597,0.998825534
1695,1,0,0,0,1000,140,0,-1000,140,2,0.375769864,1
1698,1,0,0,0,500,80,0,-500,80,2,0.351510302,0.93469586
1701,1,0,0,0,1400,100,0,-1400,100,2,0.37848285,1
1704,0,0,0,0,0,0,0,0,0,0,0.377063242,1
1707,1,0,0,0,1000,425,0,-1000,425,2,0.372237358,0.986869328
1710,1,0,0,0,1700,60,0,-1700,60,2,0.375643162,0.995563857
1713,1,0,0,0,500,200,0,-500,200,2,0.371306739,0.983740283
1716,1,0,0,0,1000,1000,0,-1000,1000,2,0.445150516,1
1719,1,0,0,0,2600,20,0,-2600,20,2,0.37294549,0.987418162
1722,1,0,0,0,800,120,0,-800,120,2,0.378685909,1
1725,1,0,0,0,200,40,0,-200,40,2,0.005396591,0.014278534
1728,1,0,0,0,400,550,0,-400,550,2,0.380563104,1
1731,1,0,0,0,1200,250,0,-1200,250,2,0.380606951,1
1734,1,0,0,0,1100,80,0,-1100,80,2,0.378491686,1
1737,1,0,0,0,900,325,0,-900,325,2,0.361450807,0.955059668
1740,1,0,0,0,800,160,0,-800,160,2,0.371613801,0.981584226
1743,1,0,0,0,700,775,0,-700,775,2,0.365711019,0.965668938
1746,1,0,0,0,700,550,0,-700,550,2,0.360698484,0.95211424
1749,1,0,0,0,300,1000,0,-300,1000,2,0.121449981,0.32047693
1752,1,0,0,0,1800,80,0,-1800,80,2,0.375651524,0.990921156
1755,1,0,0,0,200,60,0,-200,60,2,0.004779966,0.012604728
1758,1,0,0,0,1900,80,0,-1900,80,2,0.376173007,0.991632998
1761,1,0,0,0,800,40,0,-800,40,2,0.37762605,0.995130548
1764,0,0,0,0,0,0,0,0,0,0,0.379600755,1
1767,1,0,0,0,100,180,0,-100,180,2,0.008767368,0.023095341
1770,1,0,0,0,900,775,0,-900,775,2,0.373101088,0.982797108
1773,1,0,0,0,600,325,0,-600,325,2,0.374222923,0.985711797
1776,1,0,0,0,1500,40,0,-1500,40,2,0.373748462,0.984421736
1779,1,0,0,0,2800,40,0,-2800,40,2,0.375389908,0.988704673
1782,1,0,0,0,5000,20,0,-5000,20,2,0.376319274,0.991111856
1785,1,0,0,0,700,60,0,-700,60,2,0.372940139,0.982172007
1788,1,0,0,0,1100,140,0,-1100,140,2,0.371391312,0.978052979
1791,1,0,0,0,1500,100,0,-1500,100,2,0.375660213,0.989254553
1794,1,0,0,0,4100,20,0,-4100,20,2,0.374899194,0.987210079
1797,1,0,0,0,800,775,0,-800,775,2,0.362118557,0.953516195
1800,1,0,0,0,2800,20,0,-2800,20,2,0.376597929,0.991602103
1803,1,0,0,0,600,160,0,-600,160,2,0.381584898,1
1806,1,0,0,0,200,160,0,-200,160,2,0.003736844,0.0098385
1809,1,0,0,0,4000,20,0,-4000,20,2,0.38920706,1
1812,1,0,0,0,300,40,0,-300,40,2,0.005108161,0.013447854
1815,1,0,0,0,3900,20,0,-3900,20,2,0.37757226,0.993964095
1818,1,0,0,0,800,200,0,-800,200,2,0.383396461,1
1821,1,0,0,0,800,550,0,-800,550,2,0.378239375,0.995638776
1824,0,0,0,0,0,0,0,0,0,0,0.379911737,1
1827,1,0,0,0,3100,20,0,-3100,20,2,0.377071605,0.993645101
1830,1,0,0,0,300,80,0,-300,80,2,0,0
1833,1,0,0,0,1200,180,0,-1200,180,2,0.379903374,1
1836,1,0,0,0,100,140,0,-100,140,2,0.004573267,0.012092271
1839,1,0,0,0,4800,20,0,-4800,20,2,0.378023993,1
1842,1,0,0,0,900,160,0,-900,160,2,0.383415237,1
1845,1,0,0,0,100,20,0,-100,20,2,0.005976141,0.015855541
1848,1,0,0,0,800,180,0,-800,180,2,0.378224854,1
1851,1,0,0,0,900,100,0,-900,100,2,0.381296158,1
1854,1,0,0,0,700,80,0,-700,80,2,0.38625679,1
1857,1,0,0,0,700,20,0,-700,20,2,0.009272755,0.024714321
1860,1,0,0,0,300,140,0,-300,140,2,0.000743803,0.001984696
1863,1,0,0,0,100,325,0,-100,325,2,0.000743803,0.001986968
1866,1,0,0,0,2200,20,0,-2200,20,2,0.383996973,1
1869,1,0,0,0,900,425,0,-900,425,2,0.385426363,1
1872,1,0,0,0,1200,325,0,-1200,325,2,0.381697083,1
1875,1,0,0,0,600,40,0,-600,40,2,0.011642076,0.0312433
1878,1,0,0,0,1000,325,0,-1000,325,2,0.375383446,1
1881,1,0,0,0,600,425,0,-600,425,2,0.373018558,1
1884,0,0,0,0,0,0,0,0,0,0,0.371340655,1
1887,1,0,0,0,900,250,0,-900,250,2,0.37347912,1
1890,1,0,0,0,500,180,0,-500,180,2,0.372811393,1
1893,1,0,0,0,800,325,0,-800,325,2,0.362118565,0.975825426
1896,1,0,0,0,600,80,0,-600,80,2,0.374799639,1
1899,1,0,0,0,2500,40,0,-2500,40,2,0.373037164,1
1902,1,0,0,0,300,775,0,-300,775,2,0.119286112,0.321666077
1905,1,0,0,0,1300,100,0,-1300,100,2,0.374948918,1
1908,1,0,0,0,700,40,0,-700,40,2,0.120147777,0.324135988
1911,1,0,0,0,1300,40,0,-1300,40,2,0.383425155,1
1914,1,0,0,0,1800,40,0,-1800,40,2,0.382796386,1
1917,1,0,0,0,1100,250,0,-1100,250,2,0.382679797,1
1920,1,0,0,0,1200,550,0,-1200,550,2,0.378549736,1
1923,1,0,0,0,200,550,0,-200,550,2,0.006331002,0.017099157
1926,1,0,0,0,4200,20,0,-4200,20,2,0.374899216,1
1929,1,0,0,0,400,20,0,-400,20,2,0.000524007,0.00141591
1932,1,0,0,0,800,140,0,-800,140,2,0.374899223,1
1935,1,0,0,0,1100,200,0,-1100,200,2,0.370905797,1
1938,1,0,0,0,2000,40,0,-2000,40,2,0.373479135,1
1941,1,0,0,0,800,80,0,-800,80,2,0.371382942,1
1944,0,0,0,0,0,0,0,0,0,0,0.369666254,1
1947,1,0,0,0,500,550,0,-500,550,2,0.369218931,0.999250991
1950,1,0,0,0,4700,20,0,-4700,20,2,0.367122572,0.994036293
1953,1,0,0,0,900,180,0,-900,180,2,0.372059062,1
1956,1,0,0,0,1000,550,0,-1000,550,2,0.370854359,1
1959,1,0,0,0,1300,140,0,-1300,140,2,0.374899223,1
1962,1,0,0,0,1400,80,0,-1400,80,2,0.372811385,1
1965,1,0,0,0,900,20,0,-900,20,2,0.001716869,0.004659424
1968,1,0,0,0,1200,425,0,-1200,425,2,0.366938128,0.996297635
1971,1,0,0,0,1500,80,0,-1500,80,2,0.366306977,0.995044779
1974,1,0,0,0,300,100,0,-300,100,2,0.000393045,0.001068171
1977,1,0,0,0,1100,100,0,-1100,100,2,0.364997354,0.992406918
1980,1,0,0,0,600,120,0,-600,120,2,0.364958696,0.992762217
1983,1,0,0,0,1700,40,0,-1700,40,2,0.364958696,0.993223051
1986,1,0,0,0,800,20,0,-800,20,2,0.003977783,0.010830432
1989,1,0,0,0,400,100,0,-400,100,2,0.075498485,0.205657567
1992,1,0,0,0,900,200,0,-900,200,2,0.369951673,1
1995,1,0,0,0,1200,60,0,-1200,60,2,0.373950284,1
1998,1,0,0,0,3200,20,0,-3200,20,2,0.375505114,1
2001,1,0,0,0,1300,180,0,-1300,180,2,0.370638989,1
2004,0,0,0,0,0,0,0,0,0,0,0.366254907,1
2007,1,0,0,0,1400,20,0,-1400,20,2,0.308155797,0.842335289
2010,1,0,0,0,600,180,0,-600,180,2,0.364958696,0.998750584
2013,1,0,0,0,100,100,0,-100,100,2,0,0
2016,1,0,0,0,1200,140,0,-1200,140,2,0.364713647,1
2019,1,0,0,0,200,180,0,-200,180,2,0.001285324,0.0035296
2022,1,0,0,0,300,425,0,-300,425,2,0.090986751,0.250145065
2025,1,0,0,0,400,140,0,-400,140,2,0.141662514,0.389915308
2028,1,0,0,0,1200,100,0,-1200,100,2,0.361854108,0.997128167
2031,1,0,0,0,100,1000,0,-100,1000,2,0.00071619,0.001975826
2034,1,0,0,0,300,200,0,-300,200,2,0.02982153,0.082367032
2037,1,0,0,0,800,425,0,-800,425,2,0.349188941,0.965579108
2040,1,0,0,0,500,100,0,-500,100,2,0.343657598,0.951388285
2043,1,0,0,0,300,120,0,-300,120,2,0.001269072,0.003517412
2046,1,0,0,0,200,100,0,-200,100,2,0.001420073,0.003940518
2049,1,0,0,0,1000,20,0,-1000,20,2,0.001420073,0.003945114
2052,1,0,0,0,100,40,0,-100,40,2,0.00426022,0.011849161
2055,1,0,0,0,400,1000,0,-400,1000,2,0.31383609,0.873908392
2058,1,0,0,0,1200,160,0,-1200,160,2,0.356438264,0.99370015
2061,1,0,0,0,3600,20,0,-3600,20,2,0.360695636,1
2064,0,0,0,0,0,0,0,0,0,0,0.357858352,1
2067,1,0,0,0,600,1000,0,-600,1000,2,0.363225591,1
2070,1,0,0,0,200,425,0,-200,425,2,0,0
2073,1,0,0,0,3300,20,0,-3300,20,2,0.357858352,1
2076,1,0,0,0,1200,80,0,-1200,80,2,0.362186089,1
2079,1,0,0,0,1100,40,0,-1100,40,2,0.356438264,0.998188961
2082,1,0,0,0,1700,20,0,-1700,20,2,0.351132705,0.983757122
2085,1,0,0,0,700,425,0,-700,425,2,0.354930935,0.994829617
2088,1,0,0,0,400,120,0,-400,120,2,0.106830973,0.299564514
2091,1,0,0,0,1700,80,0,-1700,80,2,0.365120104,1
2094,1,0,0,0,1100,60,0,-1100,60,2,0.359150454,1
2097,1,0,0,0,1100,425,0,-1100,425,2,0.360022386,1
2100,1,0,0,0,2700,20,0,-2700,20,2,0.359278268,1
2103,1,0,0,0,700,120,0,-700,120,2,0.356438264,1
2106,1,0,0,0,1400,40,0,-1400,40,2,0.356438264,1
2109,1,0,0,0,1000,80,0,-1000,80,2,0.354914203,0.998244999
2112,1,0,0,0,100,160,0,-100,160,2,0.000647396,0.001821682
2115,1,0,0,0,2300,60,0,-2300,60,2,0.355018184,0.999407053
2118,1,0,0,0,100,200,0,-100,200,2,0.002502011,0.007046447
2121,1,0,0,0,700,200,0,-700,200,2,0.355018184,1
2124,0,0,0,0,0,0,0,0,0,0,0.354764779,1
2127,1,0,0,0,400,60,0,-400,60,2,0.001420073,0.004006728
2130,1,0,0,0,1300,60,0,-1300,60,2,0.356438264,1
2133,1,0,0,0,300,550,0,-300,550,2,0.102100552,0.288634129
2136,1,0,0,0,800,100,0,-800,100,2,0.361015318,1
2139,1,0,0,0,200,250,0,-200,250,2,0.00538334,0.015248021
2142,1,0,0,0,1100,120,0,-1100,120,2,0.353190572,1
2145,1,0,0,0,1400,120,0,-1400,120,2,0.355013134,1
2148,1,0,0,0,1100,20,0,-1100,20,2,0.015620805,0.04437428
2151,1,0,0,0,500,250,0,-500,250,2,0.352178052,1
2154,1,0,0,0,1100,1000,0,-1100,1000,2,0.363538638,1
2157,1,0,0,0,100,425,0,-100,425,2,0.000752323,0.002143395
2160,1,0,0,0,1000,200,0,-1000,200,2,0.350771225,1
2163,1,0,0,0,200,775,0,-200,775,2,0.000936459,0.002673225
2166,1,0,0,0,1200,200,0,-1200,200,2,0.347917818,0.994141327
2169,1,0,0,0,2400,20,0,-2400,20,2,0.348722683,0.997417615
2172,1,0,0,0,900,1000,0,-900,1000,2,0.357858352,1
2175,1,0,0,0,600,20,0,-600,20,2,0.001323035,0.003791579
2178,1,0,0,0,100,550,0,-100,550,2,0.0000852,0.00024442
2181,1,0,0,0,900,40,0,-900,40,2,0.345091098,0.990914727
2184,0,0,0,0,0,0,0,0,0,0,0.347912475,1
2187,1,0,0,0,1800,20,0,-1800,20,2,0.34797462,0.99775285
2190,1,0,0,0,2600,40,0,-2600,40,2,0.350758137,1
2193,1,0,0,0,1000,40,0,-1000,40,2,0.351444348,1
2196,1,0,0,0,400,425,0,-400,425,2,0.347444482,0.989036526
2199,1,0,0,0,100,775,0,-100,775,2,0,0
2202,1,0,0,0,700,160,0,-700,160,2,0.35158525,0.99602714
2205,1,0,0,0,1500,20,0,-1500,20,2,0.343826271,0.971717749
2208,1,0,0,0,4500,20,0,-4500,20,2,0.351133509,0.990002726
2211,1,0,0,0,700,180,0,-700,180,2,0.357343489,1
2214,1,0,0,0,300,250,0,-300,250,2,0.079635151,0.223461336
2217,1,0,0,0,1500,60,0,-1500,60,2,0.362404924,1
2220,1,0,0,0,1300,160,0,-1300,160,2,0.354378857,0.989711555
2223,1,0,0,0,500,425,0,-500,425,2,0.348779967,0.971779288
2226,1,0,0,0,800,250,0,-800,250,2,0.353149705,0.981640878
2229,1,0,0,0,3400,20,0,-3400,20,2,0.35570613,0.986427608
2232,1,0,0,0,400,180,0,-400,180,2,0.204679991,0.566280661
2235,1,0,0,0,900,120,0,-900,120,2,0.36410823,1
2238,1,0,0,0,400,250,0,-400,250,2,0.279258405,0.769014734
2241,1,0,0,0,3800,20,0,-3800,20,2,0.352934936,0.969644709
2244,0,0,0,0,0,0,0,0,0,0,0.364829627,1
2247,1,0,0,0,1000,250,0,-1000,250,2,0.360030749,0.987597607
2250,1,0,0,0,4400,20,0,-4400,20,2,0.359278418,0.986284826
2253,1,0,0,0,1100,160,0,-1100,160,2,0.356657105,0.979835432
2256,1,0,0,0,900,140,0,-900,140,2,0.355018206,0.976077218
2259,1,0,0,0,1000,160,0,-1000,160,2,0.357190587,0.982799895
2262,1,0,0,0,3700,20,0,-3700,20,2,0.361000636,0.994042288
2265,1,0,0,0,300,60,0,-300,60,2,0.013368727,0.036839947
2268,1,0,0,0,1900,60,0,-1900,60,2,0.364135069,1
2271,1,0,0,0,500,160,0,-500,160,2,0.3614508,0.997569123
2274,1,0,0,0,700,325,0,-700,325,2,0.358610668,0.99048939
2277,1,0,0,0,500,1000,0,-500,1000,2,0.357858337,0.989169763
2280,1,0,0,0,500,20,0,-500,20,2,0,0
2283,1,0,0,0,1100,550,0,-1100,550,2,0.35761993,0.990029906
2286,1,0,0,0,2000,80,0,-2000,80,2,0.359836199,0.996931428
2289,1,0,0,0,4600,20,0,-4600,20,2,0.362363432,1
2292,1,0,0,0,100,80,0,-100,80,2,0,0
2295,1,0,0,0,300,180,0,-300,180,2,0.060133459,0.166985852
2298,1,0,0,0,500,120,0,-500,120,2,0.357858345,0.994510812
2301,1,0,0,0,900,80,0,-900,80,2,0.359278418,0.999228047
2304,0,0,0,0,0,0,0,0,0,0,0.359278418,1
2307,1,0,0,0,2100,60,0,-2100,60,2,0.358155771,0.996103613
2310,1,0,0,0,500,775,0,-500,775,2,0.360698499,1
2313,1,0,0,0,1900,20,0,-1900,20,2,0.360698484,1
2316,1,0,0,0,2100,40,0,-2100,40,2,0.364958696,1
2319,1,0,0,0,200,1000,0,-200,1000,2,0.0000333,0.0000923
2322,1,0,0,0,1200,40,0,-1200,40,2,0.357858352,0.99143917
2325,1,0,0,0,100,120,0,-100,120,2,0.000832952,0.002305898
2328,1,0,0,0,1100,775,0,-1100,775,2,0.363372152,1
2331,1,0,0,0,200,120,0,-200,120,2,0,0
2334,1,0,0,0,4300,20,0,-4300,20,2,0.359278418,0.992312764
2337,1,0,0,0,200,200,0,-200,200,2,0,0
2340,1,0,0,0,300,160,0,-300,160,2,0.007615377,0.02100108
2343,1,0,0,0,600,775,0,-600,775,2,0.357858337,0.986116405
2346,1,0,0,0,1100,325,0,-1100,325,2,0.359278418,0.989270861
2349,1,0,0,0,1800,60,0,-1800,60,2,0.362155787,0.996430047
2352,1,0,0,0,500,325,0,-500,325,2,0.360698499,0.991661091
2355,1,0,0,0,2500,20,0,-2500,20,2,0.36353863,0.998705204
2358,1,0,0,0,1000,120,0,-1000,120,2,0.362276035,0.994476244
2361,1,0,0,0,700,250,0,-700,250,2,0.362315008,0.993823922
2364,0,0,0,0,0,0,0,0,0,0,0.364844925,1
2367,1,0,0,0,400,775,0,-400,775,2,0.277047057,0.758912178
2370,1,0,0,0,500,40,0,-500,40,2,0,0
2373,1,0,0,0,600,200,0,-600,200,2,0.363538615,0.994675803
2376,1,0,0,0,1000,180,0,-1000,180,2,0.363538615,0.99409591
2379,1,0,0,0,400,40,0,-400,40,2,0,0
2382,1,0,0,0,200,325,0,-200,325,2,0,0
2385,1,0,0,0,2200,40,0,-2200,40,2,0.365959374,0.998968286
2388,1,0,0,0,600,60,0,-600,60,2,0.249932818,0.681850924
2391,1,0,0,0,1100,180,0,-1100,180,2,0.363538615,0.991206557
2394,1,0,0,0,1600,80,0,-1600,80,2,0.363512919,0.990560678
2397,1,0,0,0,800,1000,0,-800,1000,2,0.359278403,0.978453317
2400,1,0,0,0,700,100,0,-700,100,2,0.364088657,0.9909781
2403,1,0,0,0,1200,20,0,-1200,20,2,0.046646234,0.126888293
2406,1,0,0,0,1000,60,0,-1000,60,2,0.369218908,1
2409,1,0,0,0,2900,20,0,-2900,20,2,0.369218908,1
2412,1,0,0,0,2000,20,0,-2000,20,2,0.369218908,1
2415,1,0,0,0,300,20,0,-300,20,2,0,0
2418,1,0,0,0,900,60,0,-900,60,2,0.367142761,0.995823571
2421,1,0,0,0,600,550,0,-600,550,2,0.369218908,1
2424,0,0,0,0,0,0,0,0,0,0,0.369108939,1
2427,1,0,0,0,200,80,0,-200,80,2,0.000710037,0.001922513
2430,1,0,0,0,1000,775,0,-1000,775,2,0.372059055,1
2433,1,0,0,0,1400,140,0,-1400,140,2,0.37097493,1
2436,1,0,0,0,1600,20,0,-1600,20,2,0.36211855,0.978745972
2439,1,0,0,0,2000,60,0,-2000,60,2,0.371080173,1
2442,1,0,0,0,1300,20,0,-1300,20,2,0.133478324,0.360344384
2445,1,0,0,0,1200,775,0,-1200,775,2,0.376319297,1
2448,1,0,0,0,100,250,0,-100,250,2,0,0
2451,1,0,0,0,600,140,0,-600,140,2,0.369218119,0.994999461
2454,1,0,0,0,700,140,0,-700,140,2,0.374899216,1
2457,1,0,0,0,600,100,0,-600,100,2,0.373479135,1
2460,1,0,0,0,3000,20,0,-3000,20,2,0.374890696,1
2463,1,0,0,0,1600,60,0,-1600,60,2,0.374248357,1
2466,1,0,0,0,400,325,0,-400,325,2,0.249265061,0.669769905
2469,1,0,0,0,1400,60,0,-1400,60,2,0.376319282,1
2472,1,0,0,0,1200,120,0,-1200,120,2,0.375727577,1
2475,1,0,0,0,200,20,0,-200,20,2,0.000752323,0.002017925
2478,1,0,0,0,4900,20,0,-4900,20,2,0.374491325,1
2481,1,0,0,0,1600,40,0,-1600,40,2,0.375185274,1
2484,0,0,0,0,0,0,0,0,0,0,0.373475048,1
2487,1,0,0,0,1200,1000,0,-1200,1000,2,0.383419655,1
2490,1,0,0,0,200,140,0,-200,140,2,0.001420073,0.003811407
2493,1,0,0,0,500,60,0,-500,60,2,0.035857157,0.09635393
2496,1,0,0,0,2200,60,0,-2200,60,2,0.372059077,1
2499,1,0,0,0,700,1000,0,-700,1000,2,0.376319282,1
2502,1,0,0,0,2100,20,0,-2100,20,2,0.370358288,0.998795123
2505,1,0,0,0,2900,40,0,-2900,40,2,0.370638989,1
2508,1,0,0,0,400,160,0,-400,160,2,0.104460864,0.282391481
2511,1,0,0,0,300,325,0,-300,325,2,0.038215575,0.103433481
2514,1,0,0,0,2300,40,0,-2300,40,2,0.367798835,0.99667709
2517,1,0,0,0,1300,80,0,-1300,80,2,0.367940369,0.998264406
2520,0,0,0,0,0,0,0,0,0,0,0.368135077,1
2604,0,0,0,0,0,0,0,0,0,0,0.347165517,1
2607,2,0,0,0,2300,20,0,-2300,20,2,0.00426022,0.012265091
2610,2,0,0,0,400,80,0,-400,80,2,0.000802499,0.002309186
2613,2,0,0,0,3000,40,0,-3000,40,2,0.350757964,1
2616,2,0,0,0,2400,40,0,-2400,40,2,0.353598118,1
2619,2,0,0,0,500,140,0,-500,140,2,0.001496126,0.004298427
2622,2,0,0,0,400,200,0,-400,200,2,0.002854663,0.008197324
2625,2,0,0,0,3500,20,0,-3500,20,2,0.341955734,0.981438799
2628,2,0,0,0,1300,120,0,-1300,120,2,0.34933744,1
2631,2,0,0,0,1900,40,0,-1900,40,2,0.350757986,1
2634,2,0,0,0,100,60,0,-100,60,2,0.000118497,0.000339571
2637,2,0,0,0,1000,100,0,-1000,100,2,0.33797732,0.968024257
2640,2,0,0,0,1600,100,0,-1600,100,2,0.350757986,1
2643,2,0,0,0,900,550,0,-900,550,2,0.350757986,1
2646,2,0,0,0,800,60,0,-800,60,2,0,0
2649,2,0,0,0,600,250,0,-600,250,2,0.051866416,0.148249115
2652,2,0,0,0,2700,40,0,-2700,40,2,0.355018198,1
2655,2,0,0,0,1000,140,0,-1000,140,2,0.350757986,1
2658,2,0,0,0,500,80,0,-500,80,2,0,0
2661,2,0,0,0,1400,100,0,-1400,100,2,0.349337906,0.996461684
2664,0,0,0,0,0,0,0,0,0,0,0.350757986,1
2667,2,0,0,0,1000,425,0,-1000,425,2,0.350785599,1
2670,2,0,0,0,1700,60,0,-1700,60,2,0.350014965,0.997922212
2673,2,0,0,0,500,200,0,-500,200,2,0,0
2676,2,0,0,0,1000,1000,0,-1000,1000,2,0.352178037,1
2679,2,0,0,0,2600,20,0,-2600,20,2,0.026981384,0.076930891
2682,2,0,0,0,800,120,0,-800,120,2,0.117866039,0.336073336
2685,2,0,0,0,200,40,0,-200,40,2,0.001420073,0.00404916
2688,2,0,0,0,400,550,0,-400,550,2,0.001420073,0.004049242
2691,2,0,0,0,1200,250,0,-1200,250,2,0.346635349,0.988427196
2694,2,0,0,0,1100,80,0,-1100,80,2,0.336557239,0.959709068
2697,2,0,0,0,900,325,0,-900,325,2,0.352161965,1
2700,2,0,0,0,800,160,0,-800,160,2,0.214430988,0.611485067
2703,2,0,0,0,700,775,0,-700,775,2,0.280902376,0.80105539
2706,2,0,0,0,700,550,0,-700,550,2,0.248158035,0.707692022
2709,2,0,0,0,300,1000,0,-300,1000,2,0,0
2712,2,0,0,0,1800,80,0,-1800,80,2,0.355248566,1
2715,2,0,0,0,200,60,0,-200,60,2,0.000178929,0.000510298
2718,2,0,0,0,1900,80,0,-1900,80,2,0.352178037,1
2721,2,0,0,0,800,40,0,-800,40,2,0.000639033,0.001822566
2724,0,0,0,0,0,0,0,0,0,0,0.350615483,1
2727,2,0,0,0,100,180,0,-100,180,2,0,0
2730,2,0,0,0,900,775,0,-900,775,2,0.350002485,0.996230581
2733,2,0,0,0,600,325,0,-600,325,2,0.052518868,0.149336058
2736,2,0,0,0,1500,40,0,-1500,40,2,0.173843725,0.493820793
2739,2,0,0,0,2800,40,0,-2800,40,2,0.350757986,0.995358186
2742,2,0,0,0,5000,20,0,-5000,20,2,0.355018198,1
2745,2,0,0,0,700,60,0,-700,60,2,0,0
2748,2,0,0,0,1100,140,0,-1100,140,2,0.351510287,0.994482004
2751,2,0,0,0,1500,100,0,-1500,100,2,0.350823768,0.991542042
2754,2,0,0,0,4100,20,0,-4100,20,2,0.3548312,1
2757,2,0,0,0,800,775,0,-800,775,2,0.326616742,0.92127302
2760,2,0,0,0,2800,20,0,-2800,20,2,0.116445966,0.328124688
2763,2,0,0,0,600,160,0,-600,160,2,0.010230996,0.028800324
2766,2,0,0,0,200,160,0,-200,160,2,0.000752323,0.002115677
2769,2,0,0,0,4000,20,0,-4000,20,2,0.354350276,0.995505117
2772,2,0,0,0,300,40,0,-300,40,2,0.000325512,0.000913576
2775,2,0,0,0,3900,20,0,-3900,20,2,0.355022602,0.995404807
2778,2,0,0,0,800,200,0,-800,200,2,0.285431313,0.799489012
2781,2,0,0,0,800,550,0,-800,550,2,0.319516368,0.894070118
2784,0,0,0,0,0,0,0,0,0,0,0.35772848,1
2787,2,0,0,0,3100,20,0,-3100,20,2,0.280286853,0.78366242
2790,2,0,0,0,300,80,0,-300,80,2,0.000969279,0.002710534
2793,2,0,0,0,1200,180,0,-1200,180,2,0.356438264,0.996942884
2796,2,0,0,0,100,140,0,-100,140,2,0.000733547,0.002052077
2799,2,0,0,0,4800,20,0,-4800,20,2,0.360658707,1
2802,2,0,0,0,900,160,0,-900,160,2,0.356508479,0.99768956
2805,2,0,0,0,100,20,0,-100,20,2,0.001420073,0.003974808
2808,2,0,0,0,800,180,0,-800,180,2,0.269763029,0.755210126
2811,2,0,0,0,900,100,0,-900,100,2,0.226390356,0.633903611
2814,2,0,0,0,700,80,0,-700,80,2,0.00013396,0.000375164
2817,2,0,0,0,700,20,0,-700,20,2,0,0
2820,2,0,0,0,300,140,0,-300,140,2,0,0
2823,2,0,0,0,100,325,0,-100,325,2,0.002087034,0.005848099
2826,2,0,0,0,2200,20,0,-2200,20,2,0.003507896,0.009831322
2829,2,0,0,0,900,425,0,-900,425,2,0.353598103,0.991185876
2832,2,0,0,0,1200,325,0,-1200,325,2,0.357858337,1
2835,2,0,0,0,600,40,0,-600,40,2,0.000963599,0.0027021
2838,2,0,0,0,1000,325,0,-1000,325,2,0.357858345,1
2841,2,0,0,0,600,425,0,-600,425,2,0.068163499,0.191212935
2844,0,0,0,0,0,0,0,0,0,0,0.356413807,1
2847,2,0,0,0,900,250,0,-900,250,2,0.357858337,1
2850,2,0,0,0,500,180,0,-500,180,2,0.000846837,0.00237977
2853,2,0,0,0,800,325,0,-800,325,2,0.354823325,0.997912889
2856,2,0,0,0,600,80,0,-600,80,2,0.003584107,0.010088044
2859,2,0,0,0,2500,40,0,-2500,40,2,0.362794835,1
2862,2,0,0,0,300,775,0,-300,775,2,0.001420073,0.004003397
2865,2,0,0,0,1300,100,0,-1300,100,2,0.35752287,1
2868,2,0,0,0,700,40,0,-700,40,2,0.000932199,0.002632205
2871,2,0,0,0,1300,40,0,-1300,40,2,0.022721164,0.064207898
2874,2,0,0,0,1800,40,0,-1800,40,2,0.356778278,1
2877,2,0,0,0,1100,250,0,-1100,250,2,0.354056486,1
2880,2,0,0,0,1200,550,0,-1200,550,2,0.360698476,1
2883,2,0,0,0,200,550,0,-200,550,2,0,0
2886,2,0,0,0,4200,20,0,-4200,20,2,0.359278411,1
2889,2,0,0,0,400,20,0,-400,20,2,0,0
2892,2,0,0,0,800,140,0,-800,140,2,0.219393347,0.623472937
2895,2,0,0,0,1100,200,0,-1100,200,2,0.350757957,0.997587138
2898,2,0,0,0,2000,40,0,-2000,40,2,0.357255107,1
2901,2,0,0,0,800,80,0,-800,80,2,0.012304927,0.035052702
2904,0,0,0,0,0,0,0,0,0,0,0.350757957,1
2907,2,0,0,0,500,550,0,-500,550,2,0.02387521,0.068316406
2910,2,0,0,0,4700,20,0,-4700,20,2,0.367581902,1
2913,2,0,0,0,900,180,0,-900,180,2,0.35217803,1
2916,2,0,0,0,1000,550,0,-1000,550,2,0.352178037,1
2919,2,0,0,0,1300,140,0,-1300,140,2,0.352845795,1
2922,2,0,0,0,1400,80,0,-1400,80,2,0.356081187,1
2925,2,0,0,0,900,20,0,-900,20,2,0,0
2928,2,0,0,0,1200,425,0,-1200,425,2,0.353598118,1
2931,2,0,0,0,1500,80,0,-1500,80,2,0.35785833,1
2934,2,0,0,0,300,100,0,-300,100,2,0.003829149,0.011329602
2937,2,0,0,0,1100,100,0,-1100,100,2,0.352652199,1
2940,2,0,0,0,600,120,0,-600,120,2,0.000743803,0.002217519
2943,2,0,0,0,1700,40,0,-1700,40,2,0.348625638,1
2946,2,0,0,0,800,20,0,-800,20,2,0.000186503,0.000560296
2949,2,0,0,0,400,100,0,-400,100,2,0.005275099,0.015908642
2952,2,0,0,0,900,200,0,-900,200,2,0.335457952,1
2955,2,0,0,0,1200,60,0,-1200,60,2,0.271472616,0.825067336
2958,2,0,0,0,3200,20,0,-3200,20,2,0.284014538,0.866551072
2961,2,0,0,0,1300,180,0,-1300,180,2,0.324083316,0.992675033
2964,0,0,0,0,0,0,0,0,0,0,0.325196669,1
2967,2,0,0,0,1400,20,0,-1400,20,2,0.000393045,0.001209165
2970,2,0,0,0,600,180,0,-600,180,2,0.018460944,0.056818176
2973,2,0,0,0,100,100,0,-100,100,2,0.003507896,0.01080115
2976,2,0,0,0,1200,140,0,-1200,140,2,0.320840981,0.988332335
2979,2,0,0,0,200,180,0,-200,180,2,0.002840139,0.008752715
2982,2,0,0,0,300,425,0,-300,425,2,0.000710037,0.002189143
2985,2,0,0,0,400,140,0,-400,140,2,0.000676267,0.002085939
2988,2,0,0,0,1200,100,0,-1200,100,2,0.323776573,0.999123507
2991,2,0,0,0,100,1000,0,-100,1000,2,0.002756355,0.008509405
2994,2,0,0,0,300,200,0,-300,200,2,0.002130102,0.006578926
2997,2,0,0,0,800,425,0,-800,425,2,0.295375131,0.912680974
3000,2,0,0,0,500,100,0,-500,100,2,0.000710037,0.002194908
3003,2,0,0,0,300,120,0,-300,120,2,0.003592466,0.011110126
3006,2,0,0,0,200,100,0,-200,100,2,0.000485981,0.001503613
3009,2,0,0,0,1000,20,0,-1000,20,2,0,0
3012,2,0,0,0,100,40,0,-100,40,2,0,0
3015,2,0,0,0,400,1000,0,-400,1000,2,0.009940512,0.030796314
3018,2,0,0,0,1200,160,0,-1200,160,2,0.319516361,0.990316852
3021,2,0,0,0,3600,20,0,-3600,20,2,0.318183092,0.986618738
3024,0,0,0,0,0,0,0,0,0,0,0.322356522,1
3027,2,0,0,0,600,1000,0,-600,1000,2,0.244252503,0.757073934
3030,2,0,0,0,200,425,0,-200,425,2,0,0
3033,2,0,0,0,3300,20,0,-3300,20,2,0.295375139,0.913998723
3036,2,0,0,0,1200,80,0,-1200,80,2,0.325872931,1
3039,2,0,0,0,1100,40,0,-1100,40,2,0,0
3042,2,0,0,0,1700,20,0,-1700,20,2,0.001420073,0.00438322
3045,2,0,0,0,700,425,0,-700,425,2,0.211590834,0.652554678
3048,2,0,0,0,400,120,0,-400,120,2,0.003939125,0.012138296
3051,2,0,0,0,1700,80,0,-1700,80,2,0.326494142,1
3054,2,0,0,0,1100,60,0,-1100,60,2,0.17542743,0.539674673
3057,2,0,0,0,1100,425,0,-1100,425,2,0.325196661,0.999584187
3060,2,0,0,0,2700,20,0,-2700,20,2,0.107545112,0.330295791
3063,2,0,0,0,700,120,0,-700,120,2,0.060353097,0.185204392
3066,2,0,0,0,1400,40,0,-1400,40,2,0.136326984,0.417997044
3069,2,0,0,0,1000,80,0,-1000,80,2,0.249734151,0.765084283
3072,2,0,0,0,100,160,0,-100,160,2,0.00062215,0.001904437
3075,2,0,0,0,2300,60,0,-2300,60,2,0.326616742,0.998965756
3078,2,0,0,0,100,200,0,-100,200,2,0.001081938,0.0033064
3081,2,0,0,0,700,200,0,-700,200,2,0.155869873,0.475944536
3084,0,0,0,0,0,0,0,0,0,0,0.32776637,1
3087,2,0,0,0,400,60,0,-400,60,2,0.002172396,0.006616062
3090,2,0,0,0,1300,60,0,-1300,60,2,0.315256156,0.958407734
3093,2,0,0,0,300,550,0,-300,550,2,0.003922084,0.011902311
3096,2,0,0,0,800,100,0,-800,100,2,0.091058536,0.275844308
3099,2,0,0,0,200,250,0,-200,250,2,0.0000514,0.000155546
3102,2,0,0,0,1100,120,0,-1100,120,2,0.327310677,0.98801976
3105,2,0,0,0,1400,120,0,-1400,120,2,0.328993456,0.991347242
3108,2,0,0,0,1100,20,0,-1100,20,2,0,0
3111,2,0,0,0,500,250,0,-500,250,2,0.008520439,0.025584136
3114,2,0,0,0,1100,1000,0,-1100,1000,2,0.32803822,0.983264448
3117,2,0,0,0,100,425,0,-100,425,2,0,0
3120,2,0,0,0,1000,200,0,-1000,200,2,0.338645062,1
3123,2,0,0,0,200,775,0,-200,775,2,0.001962383,0.005851256
3126,2,0,0,0,1200,200,0,-1200,200,2,0.341527488,1
3129,2,0,0,0,2400,20,0,-2400,20,2,0.009188189,0.02730118
3132,2,0,0,0,900,1000,0,-900,1000,2,0.322378124,0.956229505
3135,2,0,0,0,600,20,0,-600,20,2,0.003578269,0.010595366
3138,2,0,0,0,100,550,0,-100,550,2,0.002842513,0.008402203
3141,2,0,0,0,900,40,0,-900,40,2,0.003212048,0.009478108
3144,0,0,0,0,0,0,0,0,0,0,0.339476752,1
3147,2,0,0,0,1800,20,0,-1800,20,2,0.00066775,0.001966815
3150,2,0,0,0,2600,40,0,-2600,40,2,0.338721108,0.99758876
3153,2,0,0,0,1000,40,0,-1000,40,2,0.001411711,0.004157331
3156,2,0,0,0,400,425,0,-400,425,2,0,0
3159,2,0,0,0,100,775,0,-100,775,2,0.004992662,0.014700106
3162,2,0,0,0,700,160,0,-700,160,2,0.079447859,0.233899978
3165,2,0,0,0,1500,20,0,-1500,20,2,0.00124288,0.003658784
3168,2,0,0,0,4500,20,0,-4500,20,2,0.339397386,0.999023818
3171,2,0,0,0,700,180,0,-700,180,2,0.123546332,0.363627648
3174,2,0,0,0,300,250,0,-300,250,2,0.002155198,0.006342696
3177,2,0,0,0,1500,60,0,-1500,60,2,0.340112479,1
3180,2,0,0,0,1300,160,0,-1300,160,2,0.339695128,0.99952912
3183,2,0,0,0,500,425,0,-500,425,2,0.015342779,0.045140864
3186,2,0,0,0,800,250,0,-800,250,2,0.273363996,0.804205174
3189,2,0,0,0,3400,20,0,-3400,20,2,0.308865834,0.908563176
3192,2,0,0,0,400,180,0,-400,180,2,0.000710037,0.002088458
3195,2,0,0,0,900,120,0,-900,120,2,0.257743198,0.75803963
3198,2,0,0,0,400,250,0,-400,250,2,0.00067627,0.001988771
3201,2,0,0,0,3800,20,0,-3800,20,2,0.33723351,0.991641906
3204,0,0,0,0,0,0,0,0,0,0,0.34010743,1
3207,2,0,0,0,1000,250,0,-1000,250,2,0.34010743,1
3210,2,0,0,0,4400,20,0,-4400,20,2,0.34152751,1
3213,2,0,0,0,1100,160,0,-1100,160,2,0.342051517,1
3216,2,0,0,0,900,140,0,-900,140,2,0.29702337,0.873917384
3219,2,0,0,0,1000,160,0,-1000,160,2,0.34152751,1
3222,2,0,0,0,3700,20,0,-3700,20,2,0.33865359,0.996743599
3225,2,0,0,0,300,60,0,-300,60,2,0.00067627,0.001990775
3228,2,0,0,0,1900,60,0,-1900,60,2,0.34152751,1
3231,2,0,0,0,500,160,0,-500,160,2,0.000710037,0.002090887
3234,2,0,0,0,700,325,0,-700,325,2,0.199807863,0.588486527
3237,2,0,0,0,500,1000,0,-500,1000,2,0.070293594,0.207068375
3240,2,0,0,0,500,20,0,-500,20,2,0.000710037,0.002091957
3243,2,0,0,0,1100,550,0,-1100,550,2,0.34010743,1
3246,2,0,0,0,2000,80,0,-2000,80,2,0.340318713,1
3249,2,0,0,0,4600,20,0,-4600,20,2,0.340732901,1
3252,2,0,0,0,100,80,0,-100,80,2,0.00067627,0.001993834
3255,2,0,0,0,300,180,0,-300,180,2,0.000752323,0.002218438
3258,2,0,0,0,500,120,0,-500,120,2,0.000566294,0.001670162
3261,2,0,0,0,900,80,0,-900,80,2,0.132633065,0.391239683
3264,0,0,0,0,0,0,0,0,0,0,0.338949281,1
3267,2,0,0,0,2100,60,0,-2100,60,2,0.340073513,1
3270,2,0,0,0,500,775,0,-500,775,2,0.041926076,0.123703807
3273,2,0,0,0,1900,20,0,-1900,20,2,0.00359247,0.01060007
3276,2,0,0,0,2100,40,0,-2100,40,2,0.336557239,0.993096262
3279,2,0,0,0,200,1000,0,-200,1000,2,0.000752165,0.002219538
3282,2,0,0,0,1200,40,0,-1200,40,2,0.008520439,0.025143629
3285,2,0,0,0,100,120,0,-100,120,2,0.001405557,0.004147928
3288,2,0,0,0,1100,775,0,-1100,775,2,0.335137159,0.989058847
3291,2,0,0,0,200,120,0,-200,120,2,0.000676113,0.001995425
3294,2,0,0,0,4300,20,0,-4300,20,2,0.340149566,1
3297,2,0,0,0,200,200,0,-200,200,2,0.00067627,0.001996045
3300,2,0,0,0,300,160,0,-300,160,2,0.000710037,0.002095788
3303,2,0,0,0,600,775,0,-600,775,2,0.129936654,0.383543975
3306,2,0,0,0,1100,325,0,-1100,325,2,0.338915673,1
3309,2,0,0,0,1800,60,0,-1800,60,2,0.341417534,1
3312,2,0,0,0,500,325,0,-500,325,2,0.014910761,0.044018341
3315,2,0,0,0,2500,20,0,-2500,20,2,0.034834065,0.102838281
3318,2,0,0,0,1000,120,0,-1000,120,2,0.324917215,0.95926845
3321,2,0,0,0,700,250,0,-700,250,2,0.188869685,0.557630459
3324,0,0,0,0,0,0,0,0,0,0,0.338687349,1
3327,2,0,0,0,400,775,0,-400,775,2,0.006364926,0.018805813
3330,2,0,0,0,500,40,0,-500,40,2,0.000752323,0.00222434
3333,2,0,0,0,600,200,0,-600,200,2,0.064285114,0.190197699
3336,2,0,0,0,1000,180,0,-1000,180,2,0.337977162,1
3339,2,0,0,0,400,40,0,-400,40,2,0.001315146,0.003896418
3342,2,0,0,0,200,325,0,-200,325,2,0.004232292,0.012547756
3345,2,0,0,0,2200,40,0,-2200,40,2,0.335880976,0.996494416
3348,2,0,0,0,600,60,0,-600,60,2,0,0
3351,2,0,0,0,1100,180,0,-1100,180,2,0.336509918,0.999737257
3354,2,0,0,0,1600,80,0,-1600,80,2,0.34223754,1
3357,2,0,0,0,800,1000,0,-800,1000,2,0.320936449,0.954786836
3360,2,0,0,0,700,100,0,-700,100,2,0.018373058,0.054697668
3363,2,0,0,0,1200,20,0,-1200,20,2,0.001413604,0.004211292
3366,2,0,0,0,1000,60,0,-1000,60,2,0.089552469,0.266971903
3369,2,0,0,0,2900,20,0,-2900,20,2,0.200635142,0.598543355
3372,2,0,0,0,2000,20,0,-2000,20,2,0.001420073,0.004239359
3375,2,0,0,0,300,20,0,-300,20,2,0.000722186,0.002157444
3378,2,0,0,0,900,60,0,-900,60,2,0.009126961,0.02728462
3381,2,0,0,0,600,550,0,-600,550,2,0.118855349,0.355559189
3384,0,0,0,0,0,0,0,0,0,0,0.334045145,1
3387,2,0,0,0,200,80,0,-200,80,2,0.002894267,0.008651851
3390,2,0,0,0,1000,775,0,-1000,775,2,0.335637971,1
3393,2,0,0,0,1400,140,0,-1400,140,2,0.336557232,1
3396,2,0,0,0,1600,20,0,-1600,20,2,0.004343057,0.012927011
3399,2,0,0,0,2000,60,0,-2000,60,2,0.343657605,1
3402,2,0,0,0,1300,20,0,-1300,20,2,0,0
3405,2,0,0,0,1200,775,0,-1200,775,2,0.337977313,1
3408,2,0,0,0,100,250,0,-100,250,2,0,0
3411,2,0,0,0,600,140,0,-600,140,2,0.000710037,0.002098398
3414,2,0,0,0,700,140,0,-700,140,2,0.1136694,0.335455043
3417,2,0,0,0,600,100,0,-600,100,2,0.00426022,0.012554724
3420,2,0,0,0,3000,20,0,-3000,20,2,0.241478018,0.710621116
3423,2,0,0,0,1600,60,0,-1600,60,2,0.342496624,1
3426,2,0,0,0,400,325,0,-400,325,2,0.00213011,0.006250802
3429,2,0,0,0,1400,60,0,-1400,60,2,0.34365759,1
3432,2,0,0,0,1200,120,0,-1200,120,2,0.345077671,1
3435,2,0,0,0,200,20,0,-200,20,2,0.001411553,0.004124746
3438,2,0,0,0,4900,20,0,-4900,20,2,0.344325348,1
3441,2,0,0,0,1600,40,0,-1600,40,2,0.296051236,0.862678046
3444,0,0,0,0,0,0,0,0,0,0,0.34365759,1
3447,2,0,0,0,1200,1000,0,-1200,1000,2,0.32870455,0.955832197
3450,2,0,0,0,200,140,0,-200,140,2,0.001083043,0.003147194
3453,2,0,0,0,500,60,0,-500,60,2,0.000743799,0.002159911
3456,2,0,0,0,2200,60,0,-2200,60,2,0.347106321,1
3459,2,0,0,0,700,1000,0,-700,1000,2,0.287522449,0.833791115
3462,2,0,0,0,2100,20,0,-2100,20,2,0.003507889,0.010165629
3465,2,0,0,0,2900,40,0,-2900,40,2,0.347385296,1
3468,2,0,0,0,400,160,0,-400,160,2,0.002580115,0.00746679
3471,2,0,0,0,300,325,0,-300,325,2,0.002172392,0.00628256
3474,2,0,0,0,2300,40,0,-2300,40,2,0.349337432,1
3477,2,0,0,0,1300,80,0,-1300,80,2,0.350090225,1
3480,0,0,0,0,0,0,0,0,0,0,0.346489389,1
3738,1,0,0,0,100,200,0,-100,200,5,0.001314837,
3741,1,0,0,0,200,200,0,-200,200,5,0.002087827,
3744,1,0,0,0,300,200,0,-300,200,5,0.000743799,
3747,1,0,0,0,400,200,0,-400,200,5,0.006166427,
3750,1,0,0,0,500,200,0,-500,200,5,0.106849438,
3753,1,0,0,0,600,200,0,-600,200,5,0.236964709,
3756,1,0,0,0,700,200,0,-700,200,5,0.293211259,
3759,1,0,0,0,800,200,0,-800,200,5,0.311672218,
3762,1,0,0,0,900,200,0,-900,200,5,0.323776588,
3765,1,0,0,0,1000,200,0,-1000,200,5,0.326952041,
3768,1,0,0,0,1100,200,0,-1100,200,5,0.324138077,
3771,1,0,0,0,1200,200,0,-1200,200,5,0.328789119,
3774,1,0,0,0,1300,200,0,-1300,200,5,0.330209042,
3777,1,0,0,0,1400,200,0,-1400,200,5,0.329243553,
3780,1,0,0,0,1500,200,0,-1500,200,5,0.331601353,
3873,1,0,0,0,2100,1000,0,-2100,1000,5,0.328704547,
3876,1,0,0,0,4800,1000,0,-4800,1000,5,0.38397472,
3879,1,0,0,0,3800,1000,0,-3800,1000,5,0.375200734,
3882,1,0,0,0,3300,1000,0,-3300,1000,5,0.375118056,
3885,1,0,0,0,2400,1000,0,-2400,1000,5,0.361131902,
3888,1,0,0,0,1200,1000,0,-1200,1000,5,0.332576152,
3891,1,0,0,0,3000,1000,0,-3000,1000,5,0.382880002,
3894,1,0,0,0,4700,1000,0,-4700,1000,5,0.387123519,
3897,1,0,0,0,4500,1000,0,-4500,1000,5,0.377932338,
3900,1,0,0,0,4600,1000,0,-4600,1000,5,0.370540075,
3903,1,0,0,0,2900,1000,0,-2900,1000,5,0.390282565,
3906,1,0,0,0,400,1000,0,-400,1000,5,0.23455956,
3909,1,0,0,0,500,1000,0,-500,1000,5,0.303575276,
3912,1,0,0,0,700,1000,0,-700,1000,5,0.325254873,
3915,1,0,0,0,2000,1000,0,-2000,1000,5,0.334469427,
3918,1,0,0,0,2500,1000,0,-2500,1000,5,0.382317379,
3921,1,0,0,0,3500,1000,0,-3500,1000,5,0.387012114,
3924,1,0,0,0,800,1000,0,-800,1000,5,0.344333722,
3927,1,0,0,0,1400,1000,0,-1400,1000,5,0.33797732,
3930,1,0,0,0,200,1000,0,-200,1000,5,0.003374721,
3933,1,0,0,0,3600,1000,0,-3600,1000,5,0.374090702,
3936,1,0,0,0,3900,1000,0,-3900,1000,5,0.379761716,
3939,1,0,0,0,600,1000,0,-600,1000,5,0.323108841,
3942,1,0,0,0,4100,1000,0,-4100,1000,5,0.373175379,
3945,1,0,0,0,3100,1000,0,-3100,1000,5,0.398983496,
3948,1,0,0,0,2800,1000,0,-2800,1000,5,0.406755864,
3951,1,0,0,0,2300,1000,0,-2300,1000,5,0.364430118,
3954,1,0,0,0,4900,1000,0,-4900,1000,5,0.36609587,
3957,1,0,0,0,5000,1000,0,-5000,1000,5,0.367882634,
3960,1,0,0,0,1900,1000,0,-1900,1000,5,0.337225001,
3963,1,0,0,0,2700,1000,0,-2700,1000,5,0.4049213,
3966,1,0,0,0,3200,1000,0,-3200,1000,5,0.399784223,
3969,1,0,0,0,1500,1000,0,-1500,1000,5,0.364290965,
3972,1,0,0,0,1800,1000,0,-1800,1000,5,0.347917825,
3975,1,0,0,0,100,1000,0,-100,1000,5,0,
3978,1,0,0,0,4200,1000,0,-4200,1000,5,0.38767983,
3981,1,0,0,0,900,1000,0,-900,1000,5,0.359278381,
3984,1,0,0,0,1600,1000,0,-1600,1000,5,0.345745425,
3987,1,0,0,0,1100,1000,0,-1100,1000,5,0.352178037,
3990,1,0,0,0,4300,1000,0,-4300,1000,5,0.389767657,
3993,1,0,0,0,4000,1000,0,-4000,1000,5,0.403968404,
3996,1,0,0,0,2200,1000,0,-2200,1000,5,0.355018198,
3999,1,0,0,0,4400,1000,0,-4400,1000,5,0.390519977,
4002,1,0,0,0,3700,1000,0,-3700,1000,5,0.401921745,
4005,1,0,0,0,1000,1000,0,-1000,1000,5,0.350757971,
4008,1,0,0,0,1700,1000,0,-1700,1000,5,0.335137188,
4011,1,0,0,0,300,1000,0,-300,1000,5,0.072067745,
4014,1,0,0,0,1300,1000,0,-1300,1000,5,0.344310512,
4017,1,0,0,0,2600,1000,0,-2600,1000,5,0.413241148,
4020,1,0,0,0,3400,1000,0,-3400,1000,5,0.413908909,
4023,1,0,0,0,600,1000,0,-600,1000,5,0.320964527,
4026,1,0,0,0,100,1000,0,-100,1000,5,0,
4029,1,0,0,0,1400,1000,0,-1400,1000,5,0.351510299,
4032,1,0,0,0,2800,1000,0,-2800,1000,5,0.425354076,
4035,1,0,0,0,2300,1000,0,-2300,1000,5,0.376319289,
4038,1,0,0,0,200,1000,0,-200,1000,5,0.000676267,
4041,1,0,0,0,2100,1000,0,-2100,1000,5,0.329958169,
4044,1,0,0,0,1700,1000,0,-1700,1000,5,0.333725613,
4047,1,0,0,0,1300,1000,0,-1300,1000,5,0.347165506,
4050,1,0,0,0,1800,1000,0,-1800,1000,5,0.329845992,
4053,1,0,0,0,3000,1000,0,-3000,1000,5,0.44591136,
4056,1,0,0,0,2600,1000,0,-2600,1000,5,0.429661443,
4059,1,0,0,0,1600,1000,0,-1600,1000,5,0.350047939,
4062,1,0,0,0,1900,1000,0,-1900,1000,5,0.333717093,
4065,1,0,0,0,2000,1000,0,-2000,1000,5,0.331586979,
4068,1,0,0,0,1500,1000,0,-1500,1000,5,0.355724745,
4071,1,0,0,0,900,1000,0,-900,1000,5,0.353598088,
4074,1,0,0,0,2200,1000,0,-2200,1000,5,0.328631034,
4077,1,0,0,0,1000,1000,0,-1000,1000,5,0.352178022,
4080,1,0,0,0,2900,1000,0,-2900,1000,5,0.457931149,
4083,1,0,0,0,2500,1000,0,-2500,1000,5,0.450163051,
4086,1,0,0,0,1100,1000,0,-1100,1000,5,0.358255005,
4089,1,0,0,0,400,1000,0,-400,1000,5,0.209825364,
4092,1,0,0,0,700,1000,0,-700,1000,5,0.332297012,
4095,1,0,0,0,2700,1000,0,-2700,1000,5,0.456511083,
4098,1,0,0,0,1200,1000,0,-1200,1000,5,0.353808275,
4101,1,0,0,0,500,1000,0,-500,1000,5,0.285552815,
4104,1,0,0,0,300,1000,0,-300,1000,5,0.054630506,
4107,1,0,0,0,2400,1000,0,-2400,1000,5,0.437458931,
4110,1,0,0,0,800,1000,0,-800,1000,5,0.363364423,
4113,1,0,0,0,600,1000,0,-600,1000,5,0.295912066,
4116,1,0,0,0,100,1000,0,-100,1000,5,0.000117865,
4119,1,0,0,0,1400,1000,0,-1400,1000,5,0.358526076,
4122,1,0,0,0,2800,1000,0,-2800,1000,5,0.496273126,
4125,1,0,0,0,2300,1000,0,-2300,1000,5,0.404990393,
4128,1,0,0,0,200,1000,0,-200,1000,5,0.000349967,
4131,1,0,0,0,2100,1000,0,-2100,1000,5,0.331963615,
4134,1,0,0,0,1700,1000,0,-1700,1000,5,0.348601042,
4137,1,0,0,0,1300,1000,0,-1300,1000,5,0.36080118,
4140,1,0,0,0,1800,1000,0,-1800,1000,5,0.342905286,
4143,1,0,0,0,3000,1000,0,-3000,1000,5,0.499865592,
4146,1,0,0,0,2600,1000,0,-2600,1000,5,0.464724651,
4149,1,0,0,0,1600,1000,0,-1600,1000,5,0.356200181,
4152,1,0,0,0,1900,1000,0,-1900,1000,5,0.346497774,
4155,1,0,0,0,2000,1000,0,-2000,1000,5,0.344369855,
4158,1,0,0,0,1500,1000,0,-1500,1000,5,0.387679875,
4161,1,0,0,0,900,1000,0,-900,1000,5,0.365310713,
4164,1,0,0,0,2200,1000,0,-2200,1000,5,0.338653406,
4167,1,0,0,0,1000,1000,0,-1000,1000,5,0.365634977,
4170,1,0,0,0,2900,1000,0,-2900,1000,5,0.506965995,
4173,1,0,0,0,2500,1000,0,-2500,1000,5,0.477820694,
4176,1,0,0,0,1100,1000,0,-1100,1000,5,0.369886797,
4179,1,0,0,0,400,1000,0,-400,1000,5,0.237750015,
4182,1,0,0,0,700,1000,0,-700,1000,5,0.345077693,
4185,1,0,0,0,2700,1000,0,-2700,1000,5,0.489742687,
4188,1,0,0,0,1200,1000,0,-1200,1000,5,0.37130672,
4191,1,0,0,0,500,1000,0,-500,1000,5,0.287011064,
4194,1,0,0,0,300,1000,0,-300,1000,5,0.044394151,
4197,1,0,0,0,2400,1000,0,-2400,1000,5,0.504125848,
4200,1,0,0,0,800,1000,0,-800,1000,5,0.369962865,
4284,0,0,0,0,0,0,0,0,0,0,0.32026868,1
4287,1,0,0,0,2300,20,0,-2300,20,5,0.015620798,0.048618072
4290,1,0,0,0,400,80,0,-400,80,5,0,0
4293,1,0,0,0,3000,40,0,-3000,40,5,0.327369039,1
4296,1,0,0,0,2400,40,0,-2400,40,5,0.331460126,1
4299,1,0,0,0,500,140,0,-500,140,5,0.014998329,0.046091144
4302,1,0,0,0,400,200,0,-400,200,5,0.00447354,0.013704299
4305,1,0,0,0,3500,20,0,-3500,20,5,0.303352303,0.926377569
4308,1,0,0,0,1300,120,0,-1300,120,5,0.33797729,1
4311,1,0,0,0,1900,40,0,-1900,40,5,0.306735694,0.930868392
4314,1,0,0,0,100,60,0,-100,60,5,0,0
4317,1,0,0,0,1000,100,0,-1000,100,5,0.310995936,0.937948089
4320,1,0,0,0,1600,100,0,-1600,100,5,0.334292714,1
4323,1,0,0,0,900,550,0,-900,550,5,0.31809628,0.953453422
4326,1,0,0,0,800,60,0,-800,60,5,0.005098691,0.015235762
4329,1,0,0,0,600,250,0,-600,250,5,0.279925702,0.833905707
4332,1,0,0,0,2700,40,0,-2700,40,5,0.342989866,1
4335,1,0,0,0,1000,140,0,-1000,140,5,0.334569786,0.990627642
4338,1,0,0,0,500,80,0,-500,80,5,0.002840146,0.008383884
4341,1,0,0,0,1400,100,0,-1400,100,5,0.341569808,1
4344,0,0,0,0,0,0,0,0,0,0,0.340817481,1
4347,1,0,0,0,1000,425,0,-1000,425,5,0.325177407,0.955538205
4350,1,0,0,0,1700,60,0,-1700,60,5,0.338645052,0.996604755
4353,1,0,0,0,500,200,0,-500,200,5,0.161953782,0.477332297
4356,1,0,0,0,1000,1000,0,-1000,1000,5,0.354032483,1
4359,1,0,0,0,2600,20,0,-2600,20,5,0.215110733,0.635913074
4362,1,0,0,0,800,120,0,-800,120,5,0.283625139,0.839720673
4365,1,0,0,0,200,40,0,-200,40,5,0,0
4368,1,0,0,0,400,550,0,-400,550,5,0.2336288,0.693790528
4371,1,0,0,0,1200,250,0,-1200,250,5,0.339764247,1
4374,1,0,0,0,1100,80,0,-1100,80,5,0.311269532,0.927159474
4377,1,0,0,0,900,325,0,-900,325,5,0.331504961,0.988933931
4380,1,0,0,0,800,160,0,-800,160,5,0.319660606,0.955051488
4383,1,0,0,0,700,775,0,-700,775,5,0.321310392,0.961443717
4386,1,0,0,0,700,550,0,-700,550,5,0.311105433,0.932328853
4389,1,0,0,0,300,1000,0,-300,1000,5,0.076683924,0.23015971
4392,1,0,0,0,1800,80,0,-1800,80,5,0.34791781,1
4395,1,0,0,0,200,60,0,-200,60,5,0.003592474,0.010815547
4398,1,0,0,0,1900,80,0,-1900,80,5,0.340547654,1
4401,1,0,0,0,800,40,0,-800,40,5,0.003874582,0.011700754
4404,0,0,0,0,0,0,0,0,0,0,0.330630183,1
4407,1,0,0,0,100,180,0,-100,180,5,0.005680293,0.017177627
4410,1,0,0,0,900,775,0,-900,775,5,0.342237547,1
4413,1,0,0,0,600,325,0,-600,325,5,0.296785578,0.897232774
4416,1,0,0,0,1500,40,0,-1500,40,5,0.260423843,0.787187237
4419,1,0,0,0,2800,40,0,-2800,40,5,0.338407271,1
4422,1,0,0,0,5000,20,0,-5000,20,5,0.334384831,1
4425,1,0,0,0,700,60,0,-700,60,5,0,0
4428,1,0,0,0,1100,140,0,-1100,140,5,0.33286567,1
4431,1,0,0,0,1500,100,0,-1500,100,5,0.344453308,1
4434,1,0,0,0,4100,20,0,-4100,20,5,0.327337978,0.988561488
4437,1,0,0,0,800,775,0,-800,775,5,0.342905271,1
4440,1,0,0,0,2800,20,0,-2800,20,5,0.258064449,0.77912214
4443,1,0,0,0,600,160,0,-600,160,5,0.256420497,0.774043122
4446,1,0,0,0,200,160,0,-200,160,5,0.000138851,0.000419079
4449,1,0,0,0,4000,20,0,-4000,20,5,0.322177722,0.972250236
4452,1,0,0,0,300,40,0,-300,40,5,0.003536459,0.010670538
4455,1,0,0,0,3900,20,0,-3900,20,5,0.318096295,0.95964661
4458,1,0,0,0,800,200,0,-800,200,5,0.329191185,0.992969756
4461,1,0,0,0,800,550,0,-800,550,5,0.324742392,0.979404103
4464,0,0,0,0,0,0,0,0,0,0,0.331620941,1
4467,1,0,0,0,3100,20,0,-3100,20,5,0.306735709,0.925563943
4470,1,0,0,0,300,80,0,-300,80,5,0.000915004,0.002762799
4473,1,0,0,0,1200,180,0,-1200,180,5,0.330133125,0.997469954
4476,1,0,0,0,100,140,0,-100,140,5,0.000667753,0.002018885
4479,1,0,0,0,4800,20,0,-4800,20,5,0.332297012,1
4482,1,0,0,0,900,160,0,-900,160,5,0.320506788,0.970291655
4485,1,0,0,0,100,20,0,-100,20,5,0.000676267,0.002048653
4488,1,0,0,0,800,180,0,-800,180,5,0.316599703,0.959723358
4491,1,0,0,0,900,100,0,-900,100,5,0.285090343,0.864775942
4494,1,0,0,0,700,80,0,-700,80,5,0.014209095,0.043129381
4497,1,0,0,0,700,20,0,-700,20,5,0.0021724,0.006598307
4500,1,0,0,0,300,140,0,-300,140,5,0.000676267,0.002055403
4503,1,0,0,0,100,325,0,-100,325,5,0,0
4506,1,0,0,0,2200,20,0,-2200,20,5,0.014192212,0.043191834
4509,1,0,0,0,900,425,0,-900,425,5,0.3139596,0.956119102
4512,1,0,0,0,1200,325,0,-1200,325,5,0.317352496,0.967090232
4515,1,0,0,0,600,40,0,-600,40,5,0.000659075,0.002009773
4518,1,0,0,0,1000,325,0,-1000,325,5,0.320184137,0.97701034
4521,1,0,0,0,600,425,0,-600,425,5,0.304047522,0.928385259
4524,0,0,0,0,0,0,0,0,0,0,0.327284639,1
4527,1,0,0,0,900,250,0,-900,250,5,0.325330613,0.99316774
4530,1,0,0,0,500,180,0,-500,180,5,0.105085388,0.320526268
4533,1,0,0,0,800,325,0,-800,325,5,0.324438631,0.988730208
4536,1,0,0,0,600,80,0,-600,80,5,0.001373218,0.004181278
4539,1,0,0,0,2500,40,0,-2500,40,5,0.338729639,1
4542,1,0,0,0,300,775,0,-300,775,5,0.074023496,0.225003166
4545,1,0,0,0,1300,100,0,-1300,100,5,0.332242147,1
4548,1,0,0,0,700,40,0,-700,40,5,0.002733167,0.008293465
4551,1,0,0,0,1300,40,0,-1300,40,5,0.140587211,0.426227586
4554,1,0,0,0,1800,40,0,-1800,40,5,0.308155805,0.933452678
4557,1,0,0,0,1100,250,0,-1100,250,5,0.323776573,0.979927418
4560,1,0,0,0,1200,550,0,-1200,550,5,0.317420028,0.959863923
4563,1,0,0,0,200,550,0,-200,550,5,0.00365416,0.011040534
4566,1,0,0,0,4200,20,0,-4200,20,5,0.311672203,0.940866672
4569,1,0,0,0,400,20,0,-400,20,5,0.004084284,0.012318953
4572,1,0,0,0,800,140,0,-800,140,5,0.292856243,0.882552294
4575,1,0,0,0,1100,200,0,-1100,200,5,0.328243816,0.988350456
4578,1,0,0,0,2000,40,0,-2000,40,5,0.317343976,0.95471433
4581,1,0,0,0,800,80,0,-800,80,5,0.130055148,0.390930736
4584,0,0,0,0,0,0,0,0,0,0,0.332964803,1
4587,1,0,0,0,500,550,0,-500,550,5,0.269548737,0.819668741
4590,1,0,0,0,4700,20,0,-4700,20,5,0.327284481,1
4593,1,0,0,0,900,180,0,-900,180,5,0.324545775,1
4596,1,0,0,0,1000,550,0,-1000,550,5,0.316948555,1
4599,1,0,0,0,1300,140,0,-1300,140,5,0.333446835,1
4602,1,0,0,0,1400,80,0,-1400,80,5,0.33431971,1
4605,1,0,0,0,900,20,0,-900,20,5,0.003196113,0.010507761
4608,1,0,0,0,1200,425,0,-1200,425,5,0.319054218,1
4611,1,0,0,0,1500,80,0,-1500,80,5,0.333717123,1
4614,1,0,0,0,300,100,0,-300,100,5,0.000549408,0.001882662
4617,1,0,0,0,1100,100,0,-1100,100,5,0.312416002,1
4620,1,0,0,0,600,120,0,-600,120,5,0.069660234,0.24563107
4623,1,0,0,0,1700,40,0,-1700,40,5,0.304563309,1
4626,1,0,0,0,800,20,0,-800,20,5,0,0
4629,1,0,0,0,400,100,0,-400,100,5,0.0000615,0.00022686
4632,1,0,0,0,900,200,0,-900,200,5,0.319516391,1
4635,1,0,0,0,1200,60,0,-1200,60,5,0.282285526,1
4638,1,0,0,0,3200,20,0,-3200,20,5,0.273821905,1
4641,1,0,0,0,1300,180,0,-1300,180,5,0.266973674,1
4644,0,0,0,0,0,0,0,0,0,0,0.25068513,1
4647,1,0,0,0,1400,20,0,-1400,20,5,0.000474618,0.001892749
4650,1,0,0,0,600,180,0,-600,180,5,0.195516411,0.779489274
4653,1,0,0,0,100,100,0,-100,100,5,0.000752327,0.002998551
4656,1,0,0,0,1200,140,0,-1200,140,5,0.253329772,1
4659,1,0,0,0,200,180,0,-200,180,5,0.000684794,0.002727851
4662,1,0,0,0,300,425,0,-300,425,5,0.003592459,0.014306392
4665,1,0,0,0,400,140,0,-400,140,5,0.001091242,0.004344474
4668,1,0,0,0,1200,100,0,-1200,100,5,0.249642806,0.993603942
4671,1,0,0,0,100,1000,0,-100,1000,5,0,0
4674,1,0,0,0,300,200,0,-300,200,5,0.002172393,0.008641491
4677,1,0,0,0,800,425,0,-800,425,5,0.247385045,0.983788674
4680,1,0,0,0,500,100,0,-500,100,5,0.000749006,0.002977774
4683,1,0,0,0,300,120,0,-300,120,5,0.00238825,0.009492146
4686,1,0,0,0,200,100,0,-200,100,5,0.002727488,0.010837413
4689,1,0,0,0,1000,20,0,-1000,20,5,0.000710033,0.002820457
4692,1,0,0,0,100,40,0,-100,40,5,0.000710033,0.002819666
4695,1,0,0,0,400,1000,0,-400,1000,5,0.185319491,0.735730308
4698,1,0,0,0,1200,160,0,-1200,160,5,0.252772942,1
4701,1,0,0,0,3600,20,0,-3600,20,5,0.237895966,0.943933264
4704,0,0,0,0,0,0,0,0,0,0,0.252096841,1
4707,1,0,0,0,600,1000,0,-600,1000,5,0.247092649,0.978640311
4710,1,0,0,0,200,425,0,-200,425,5,0.000675005,0.002669327
4713,1,0,0,0,3300,20,0,-3300,20,5,0.242121945,0.95600876
4716,1,0,0,0,1200,80,0,-1200,80,5,0.248546181,0.979870246
4719,1,0,0,0,1100,40,0,-1100,40,5,0.0000453,0.000178258
4722,1,0,0,0,1700,20,0,-1700,20,5,0.000454426,0.001786056
4725,1,0,0,0,700,425,0,-700,425,5,0.251352862,0.986399166
4728,1,0,0,0,400,120,0,-400,120,5,0.001286435,0.005040744
4731,1,0,0,0,1700,80,0,-1700,80,5,0.258399588,1
4734,1,0,0,0,1100,60,0,-1100,60,5,0.205910549,0.804384966
4737,1,0,0,0,1100,425,0,-1100,425,5,0.255258872,0.995650767
4740,1,0,0,0,2700,20,0,-2700,20,5,0.192643298,0.750277507
4743,1,0,0,0,700,120,0,-700,120,5,0.196722205,0.765004937
4746,1,0,0,0,1400,40,0,-1400,40,5,0.183941696,0.714224703
4749,1,0,0,0,1000,80,0,-1000,80,5,0.215098749,0.833944942
4752,1,0,0,0,100,160,0,-100,160,5,0.001420081,0.005497412
4755,1,0,0,0,2300,60,0,-2300,60,5,0.259688547,1
4758,1,0,0,0,100,200,0,-100,200,5,0,0
4761,1,0,0,0,700,200,0,-700,200,5,0.242333831,0.933904871
4764,0,0,0,0,0,0,0,0,0,0,0.259873316,1
4767,1,0,0,0,400,60,0,-400,60,5,0.00098664,0.003798697
4770,1,0,0,0,1300,60,0,-1300,60,5,0.241412386,0.929978187
4773,1,0,0,0,300,550,0,-300,550,5,0.026981384,0.103995626
4776,1,0,0,0,800,100,0,-800,100,5,0.20875071,0.805038398
4779,1,0,0,0,200,250,0,-200,250,5,0,0
4782,1,0,0,0,1100,120,0,-1100,120,5,0.258453235,0.997807005
4785,1,0,0,0,1400,120,0,-1400,120,5,0.262713477,1
4788,1,0,0,0,1100,20,0,-1100,20,5,0,0
4791,1,0,0,0,500,250,0,-500,250,5,0.197390124,0.763316919
4794,1,0,0,0,1100,1000,0,-1100,1000,5,0.279002021,1
4797,1,0,0,0,100,425,0,-100,425,5,0.003151304,0.01219964
4800,1,0,0,0,1000,200,0,-1000,200,5,0.255621609,0.990132016
4803,1,0,0,0,200,775,0,-200,775,5,0.000388629,0.001506154
4806,1,0,0,0,1200,200,0,-1200,200,5,0.262713477,1
4809,1,0,0,0,2400,20,0,-2400,20,5,0.034731824,0.134753601
4812,1,0,0,0,900,1000,0,-900,1000,5,0.279754326,1
4815,1,0,0,0,600,20,0,-600,20,5,0,0
4818,1,0,0,0,100,550,0,-100,550,5,0.000194551,0.000756075
4821,1,0,0,0,900,40,0,-900,40,5,0,0
4824,0,0,0,0,0,0,0,0,0,0,0.257033154,1
4827,1,0,0,0,1800,20,0,-1800,20,5,0.000667746,0.002596461
4830,1,0,0,0,2600,40,0,-2600,40,5,0.260541062,1
4833,1,0,0,0,1000,40,0,-1000,40,5,0.002164037,0.008405319
4836,1,0,0,0,400,425,0,-400,425,5,0.16930991,0.657251601
4839,1,0,0,0,100,775,0,-100,775,5,0,0
4842,1,0,0,0,700,160,0,-700,160,5,0.221024866,0.857058399
4845,1,0,0,0,1500,20,0,-1500,20,5,0.000667746,0.002587862
4848,1,0,0,0,4500,20,0,-4500,20,5,0.25628085,0.992672456
4851,1,0,0,0,700,180,0,-700,180,5,0.239388456,0.926730563
4854,1,0,0,0,300,250,0,-300,250,5,0.003592466,0.013899639
4857,1,0,0,0,1500,60,0,-1500,60,5,0.258453235,0.999432768
4860,1,0,0,0,1300,160,0,-1300,160,5,0.264133528,1
4863,1,0,0,0,500,425,0,-500,425,5,0.205841899,0.795110058
4866,1,0,0,0,800,250,0,-800,250,5,0.259947318,1
4869,1,0,0,0,3400,20,0,-3400,20,5,0.24851273,0.958880508
4872,1,0,0,0,400,180,0,-400,180,5,0.000710033,0.00273814
4875,1,0,0,0,900,120,0,-900,120,5,0.252428197,0.972918859
4878,1,0,0,0,400,250,0,-400,250,5,0.053971115,0.207903498
4881,1,0,0,0,3800,20,0,-3800,20,5,0.25261675,0.972577751
4884,0,0,0,0,0,0,0,0,0,0,0.259881821,1
4887,1,0,0,0,1000,250,0,-1000,250,5,0.256940248,0.990481263
4890,1,0,0,0,4400,20,0,-4400,20,5,0.253999879,0.980932453
4893,1,0,0,0,1100,160,0,-1100,160,5,0.257865343,0.997680496
4896,1,0,0,0,900,140,0,-900,140,5,0.255145887,0.988966179
4899,1,0,0,0,1000,160,0,-1000,160,5,0.260878564,1
4902,1,0,0,0,3700,20,0,-3700,20,5,0.248512715,0.96679541
4905,1,0,0,0,300,60,0,-300,60,5,0.003583953,0.013968412
4908,1,0,0,0,1900,60,0,-1900,60,5,0.261293396,1
4911,1,0,0,0,500,160,0,-500,160,5,0.033329423,0.130381033
4914,1,0,0,0,700,325,0,-700,325,5,0.259026805,1
4917,1,0,0,0,500,1000,0,-500,1000,5,0.223527983,0.87766012
4920,1,0,0,0,500,20,0,-500,20,5,0.003638061,0.014311019
4923,1,0,0,0,1100,550,0,-1100,550,5,0.257293211,1
4926,1,0,0,0,2000,80,0,-2000,80,5,0.256365431,1
4929,1,0,0,0,4600,20,0,-4600,20,5,0.253516907,1
4932,1,0,0,0,100,80,0,-100,80,5,0.000729283,0.002890255
4935,1,0,0,0,300,180,0,-300,180,5,0.002104383,0.008355621
4938,1,0,0,0,500,120,0,-500,120,5,0,0
4941,1,0,0,0,900,80,0,-900,80,5,0.202425225,0.806771708
4944,0,0,0,0,0,0,0,0,0,0,0.250435366,1
4947,1,0,0,0,2100,60,0,-2100,60,5,0.255613089,1
4950,1,0,0,0,500,775,0,-500,775,5,0.235141498,0.936965252
4953,1,0,0,0,1900,20,0,-1900,20,5,0,0
4956,1,0,0,0,2100,40,0,-2100,40,5,0.252772942,1
4959,1,0,0,0,200,1000,0,-200,1000,5,0.002824206,0.011218347
4962,1,0,0,0,1200,40,0,-1200,40,5,0.006263467,0.024853891
4965,1,0,0,0,100,120,0,-100,120,5,0.001420066,0.005629057
4968,1,0,0,0,1100,775,0,-1100,775,5,0.263940542,1
4971,1,0,0,0,200,120,0,-200,120,5,0.002471072,0.009774828
4974,1,0,0,0,4300,20,0,-4300,20,5,0.246340345,0.973437705
4977,1,0,0,0,200,200,0,-200,200,5,0.000676274,0.002669591
4980,1,0,0,0,300,160,0,-300,160,5,0.005906401,0.023291361
4983,1,0,0,0,600,775,0,-600,775,5,0.240736083,0.948338673
4986,1,0,0,0,1100,325,0,-1100,325,5,0.254869297,1
4989,1,0,0,0,1800,60,0,-1800,60,5,0.255613104,1
4992,1,0,0,0,500,325,0,-500,325,5,0.219107122,0.860463801
4995,1,0,0,0,2500,20,0,-2500,20,5,0.096838387,0.379905748
4998,1,0,0,0,1000,120,0,-1000,120,5,0.249932796,0.979499527
5001,1,0,0,0,700,250,0,-700,250,5,0.251352876,0.984051822
5004,0,0,0,0,0,0,0,0,0,0,0.255689152,1
5007,1,0,0,0,400,775,0,-400,775,5,0.167568579,0.655100652
5010,1,0,0,0,500,40,0,-500,40,5,0,0
5013,1,0,0,0,600,200,0,-600,200,5,0.216559366,0.845956662
5016,1,0,0,0,1000,180,0,-1000,180,5,0.25628085,1
5019,1,0,0,0,400,40,0,-400,40,5,0.000667746,0.002606386
5022,1,0,0,0,200,325,0,-200,325,5,0.000743799,0.002902089
5025,1,0,0,0,2200,40,0,-2200,40,5,0.25067661,0.977680996
5028,1,0,0,0,600,60,0,-600,60,5,0.0021724,0.008469375
5031,1,0,0,0,1100,180,0,-1100,180,5,0.257033154,1
5034,1,0,0,0,1600,80,0,-1600,80,5,0.255612788,0.995751148
5037,1,0,0,0,800,1000,0,-800,1000,5,0.271233901,1
5040,1,0,0,0,700,100,0,-700,100,5,0.103170802,0.401589149
5043,1,0,0,0,1200,20,0,-1200,20,5,0.000752319,0.002927224
5046,1,0,0,0,1000,60,0,-1000,60,5,0.155071796,0.603135891
5049,1,0,0,0,2900,20,0,-2900,20,5,0.225723422,0.87758195
5052,1,0,0,0,2000,20,0,-2000,20,5,0.001426062,0.005542148
5055,1,0,0,0,300,20,0,-300,20,5,0.000879178,0.003415433
5058,1,0,0,0,900,60,0,-900,60,5,0.013721067,0.053282603
5061,1,0,0,0,600,550,0,-600,550,5,0.248513218,0.964663884
5064,0,0,0,0,0,0,0,0,0,0,0.257717814,1
5067,1,0,0,0,200,80,0,-200,80,5,0.001078621,0.004179355
5070,1,0,0,0,1000,775,0,-1000,775,5,0.274074048,1
5073,1,0,0,0,1400,140,0,-1400,140,5,0.261293381,1
5076,1,0,0,0,1600,20,0,-1600,20,5,0.000883282,0.003408
5079,1,0,0,0,2000,60,0,-2000,60,5,0.264133543,1
5082,1,0,0,0,1300,20,0,-1300,20,5,0,0
5085,1,0,0,0,1200,775,0,-1200,775,5,0.279078074,1
5088,1,0,0,0,100,250,0,-100,250,5,0.006225762,0.023886422
5091,1,0,0,0,600,140,0,-600,140,5,0.145418754,0.557148266
5094,1,0,0,0,700,140,0,-700,140,5,0.22195169,0.849183249
5097,1,0,0,0,600,100,0,-600,100,5,0.005475492,0.020919898
5100,1,0,0,0,3000,20,0,-3000,20,5,0.241412356,0.921064818
5103,1,0,0,0,1600,60,0,-1600,60,5,0.25325435,0.964900978
5106,1,0,0,0,400,325,0,-400,325,5,0.093724802,0.356595897
5109,1,0,0,0,1400,60,0,-1400,60,5,0.253685729,0.963861562
5112,1,0,0,0,1200,120,0,-1200,120,5,0.266965327,1
5115,1,0,0,0,200,20,0,-200,20,5,0,0
5118,1,0,0,0,4900,20,0,-4900,20,5,0.253525112,0.95925719
5121,1,0,0,0,1600,40,0,-1600,40,5,0.227762143,0.860588957
5124,0,0,0,0,0,0,0,0,0,0,0.265023751,1
5127,1,0,0,0,1200,1000,0,-1200,1000,5,0.285711371,1
5130,1,0,0,0,200,140,0,-200,140,5,0.000677214,0.002547732
5133,1,0,0,0,500,60,0,-500,60,5,0.005466654,0.020535601
5136,1,0,0,0,2200,60,0,-2200,60,5,0.266520027,0.999710949
5139,1,0,0,0,700,1000,0,-700,1000,5,0.273482331,1
5142,1,0,0,0,2100,20,0,-2100,20,5,0.001298729,0.004857173
5145,1,0,0,0,2900,40,0,-2900,40,5,0.269023798,1
5148,1,0,0,0,400,160,0,-400,160,5,0.000676274,0.002521807
5151,1,0,0,0,300,325,0,-300,325,5,0,0
5154,1,0,0,0,2300,40,0,-2300,40,5,0.254689262,0.946951279
5157,1,0,0,0,1300,80,0,-1300,80,5,0.257203119,0.954901476
5160,0,0,0,0,0,0,0,0,0,0,0.269743759,1
7704,0,0,0,0,0,0,0,0,0,0,0.245672584,1
7707,2,0,0,0,2300,20,0,-2300,20,5,0.000603847,0.002454386
7710,2,0,0,0,400,80,0,-400,80,5,0.006390322,0.025936578
7713,2,0,0,0,3000,40,0,-3000,40,5,0.229493855,0.930112872
7716,2,0,0,0,2400,40,0,-2400,40,5,0.12336046,0.499247777
7719,2,0,0,0,500,140,0,-500,140,5,0,0
7722,2,0,0,0,400,200,0,-400,200,5,0.005680293,0.022922643
7725,2,0,0,0,3500,20,0,-3500,20,5,0.000743961,0.002997935
7728,2,0,0,0,1300,120,0,-1300,120,5,0.217938877,0.876972677
7731,2,0,0,0,1900,40,0,-1900,40,5,0,0
7734,2,0,0,0,100,60,0,-100,60,5,0.00545529,0.021889212
7737,2,0,0,0,1000,100,0,-1000,100,5,0.00426022,0.017069707
7740,2,0,0,0,1600,100,0,-1600,100,5,0.23293736,0.931999931
7743,2,0,0,0,900,550,0,-900,550,5,0.244341179,0.976240763
7746,2,0,0,0,800,60,0,-800,60,5,0,0
7749,2,0,0,0,600,250,0,-600,250,5,0.011609564,0.046253638
7752,2,0,0,0,2700,40,0,-2700,40,5,0.201701286,0.802462595
7755,2,0,0,0,1000,140,0,-1000,140,5,0.141909599,0.563786829
7758,2,0,0,0,500,80,0,-500,80,5,0.001276961,0.005066042
7761,2,0,0,0,1400,100,0,-1400,100,5,0.198010681,0.784455663
7764,0,0,0,0,0,0,0,0,0,0,0.252772957,1
7767,2,0,0,0,1000,425,0,-1000,425,5,0.247092649,0.978627606
7770,2,0,0,0,1700,60,0,-1700,60,5,0.104506937,0.414373098
7773,2,0,0,0,500,200,0,-500,200,5,0.012612926,0.050067007
7776,2,0,0,0,1000,1000,0,-1000,1000,5,0.248134668,0.986082204
7779,2,0,0,0,2600,20,0,-2600,20,5,0.003507896,0.013956062
7782,2,0,0,0,800,120,0,-800,120,5,0.0000293,0.000116893
7785,2,0,0,0,200,40,0,-200,40,5,0.00426022,0.016987548
7788,2,0,0,0,400,550,0,-400,550,5,0.01556936,0.062152924
7791,2,0,0,0,1200,250,0,-1200,250,5,0.248512745,0.993189585
7794,2,0,0,0,1100,80,0,-1100,80,5,0.00426022,0.01704546
7797,2,0,0,0,900,325,0,-900,325,5,0.228631705,0.915813369
7800,2,0,0,0,800,160,0,-800,160,5,0.026271347,0.105353077
7803,2,0,0,0,700,775,0,-700,775,5,0.249932803,1
7806,2,0,0,0,700,550,0,-700,550,5,0.227016781,0.912458781
7809,2,0,0,0,300,1000,0,-300,1000,5,0.000676113,0.002720636
7812,2,0,0,0,1800,80,0,-1800,80,5,0.235769,0.949805477
7815,2,0,0,0,200,60,0,-200,60,5,0.001420073,0.005727379
7818,2,0,0,0,1900,80,0,-1900,80,5,0.23289194,0.940366985
7821,2,0,0,0,800,40,0,-800,40,5,0.000199284,0.000805588
7824,0,0,0,0,0,0,0,0,0,0,0.247092664,1
7827,2,0,0,0,100,180,0,-100,180,5,0.000743803,0.003012737
7830,2,0,0,0,900,775,0,-900,775,5,0.244996328,0.99317662
7833,2,0,0,0,600,325,0,-600,325,5,0.077427734,0.314142937
7836,2,0,0,0,1500,40,0,-1500,40,5,0.001411711,0.005732454
7839,2,0,0,0,2800,40,0,-2800,40,5,0.214423579,0.871428753
7842,2,0,0,0,5000,20,0,-5000,20,5,0.133343891,0.542371951
7845,2,0,0,0,700,60,0,-700,60,5,0,0
7848,2,0,0,0,1100,140,0,-1100,140,5,0.198856579,0.810204208
7851,2,0,0,0,1500,100,0,-1500,100,5,0.216981289,0.884794659
7854,2,0,0,0,4100,20,0,-4100,20,5,0.001420073,0.00579558
7857,2,0,0,0,800,775,0,-800,775,5,0.235055823,0.960115544
7860,2,0,0,0,2800,20,0,-2800,20,5,0.005680293,0.023221476
7863,2,0,0,0,600,160,0,-600,160,5,0.000752323,0.003078155
7866,2,0,0,0,200,160,0,-200,160,5,0.000989002,0.004049957
7869,2,0,0,0,4000,20,0,-4000,20,5,0.00359247,0.014723595
7872,2,0,0,0,300,40,0,-300,40,5,0.004985719,0.020451088
7875,2,0,0,0,3900,20,0,-3900,20,5,0.001420073,0.005829986
7878,2,0,0,0,800,200,0,-800,200,5,0.140587203,0.577658303
7881,2,0,0,0,800,550,0,-800,550,5,0.237896112,0.978320955
7884,0,0,0,0,0,0,0,0,0,0,0.242961183,1
7887,2,0,0,0,3100,20,0,-3100,20,5,0.00426022,0.017563142
7890,2,0,0,0,300,80,0,-300,80,5,0.00336794,0.013907302
7893,2,0,0,0,1200,180,0,-1200,180,5,0.235723566,0.974969273
7896,2,0,0,0,100,140,0,-100,140,5,0.005223976,0.021642114
7899,2,0,0,0,4800,20,0,-4800,20,5,0.102112063,0.423728154
7902,2,0,0,0,900,160,0,-900,160,5,0.116556732,0.484462936
7905,2,0,0,0,100,20,0,-100,20,5,0.001048172,0.00436385
7908,2,0,0,0,800,180,0,-800,180,5,0.086615916,0.361202097
7911,2,0,0,0,900,100,0,-900,100,5,0,0
7914,2,0,0,0,700,80,0,-700,80,5,0.000357385,0.001495282
7917,2,0,0,0,700,20,0,-700,20,5,0.001623301,0.006803065
7920,2,0,0,0,300,140,0,-300,140,5,0.012070307,0.05066917
7923,2,0,0,0,100,325,0,-100,325,5,0.003894472,0.016375526
7926,2,0,0,0,2200,20,0,-2200,20,5,0.00282705,0.011907007
7929,2,0,0,0,900,425,0,-900,425,5,0.236165682,0.996344457
7932,2,0,0,0,1200,325,0,-1200,325,5,0.237819894,1
7935,2,0,0,0,600,40,0,-600,40,5,0.001420073,0.006011105
7938,2,0,0,0,1000,325,0,-1000,325,5,0.233559682,0.990304379
7941,2,0,0,0,600,425,0,-600,425,5,0.149783905,0.636157194
7944,0,0,0,0,0,0,0,0,0,0,0.235055823,1
7947,2,0,0,0,900,250,0,-900,250,5,0.205158218,0.874967541
7950,2,0,0,0,500,180,0,-500,180,5,0.004029063,0.017225975
7953,2,0,0,0,800,325,0,-800,325,5,0.203491548,0.872178703
7956,2,0,0,0,600,80,0,-600,80,5,0,0
7959,2,0,0,0,2500,40,0,-2500,40,5,0.152615689,0.657393069
7962,2,0,0,0,300,775,0,-300,775,5,0,0
7965,2,0,0,0,1300,100,0,-1300,100,5,0.174001203,0.753279053
7968,2,0,0,0,700,40,0,-700,40,5,0.000752165,0.00326445
7971,2,0,0,0,1300,40,0,-1300,40,5,0,0
7974,2,0,0,0,1800,40,0,-1800,40,5,0.005671772,0.024740564
7977,2,0,0,0,1100,250,0,-1100,250,5,0.230043273,1
7980,2,0,0,0,1200,550,0,-1200,550,5,0.232222619,1
7983,2,0,0,0,200,550,0,-200,550,5,0.000980482,0.004309655
7986,2,0,0,0,4200,20,0,-4200,20,5,0.021301091,0.093867359
7989,2,0,0,0,400,20,0,-400,20,5,0.00066775,0.002950117
7992,2,0,0,0,800,140,0,-800,140,5,0.00492797,0.021827739
7995,2,0,0,0,1100,200,0,-1100,200,5,0.21801508,0.96815647
7998,2,0,0,0,2000,40,0,-2000,40,5,0.00122221,0.005441591
8001,2,0,0,0,800,80,0,-800,80,5,0.001419758,0.006337507
8004,0,0,0,0,0,0,0,0,0,0,0.22344402,1
8007,2,0,0,0,500,550,0,-500,550,5,0.11360582,0.507921872
8010,2,0,0,0,4700,20,0,-4700,20,5,0.093386667,0.417106269
8013,2,0,0,0,900,180,0,-900,180,5,0.165396198,0.737994804
8016,2,0,0,0,1000,550,0,-1000,550,5,0.226535527,1
8019,2,0,0,0,1300,140,0,-1300,140,5,0.209503011,0.932934668
8022,2,0,0,0,1400,80,0,-1400,80,5,0.106497098,0.473768276
8025,2,0,0,0,900,20,0,-900,20,5,0.000752165,0.003342791
8028,2,0,0,0,1200,425,0,-1200,425,5,0.226467829,1
8031,2,0,0,0,1500,80,0,-1500,80,5,0.178929158,0.793621847
8034,2,0,0,0,300,100,0,-300,100,5,0,0
8037,2,0,0,0,1100,100,0,-1100,100,5,0.036921896,0.163438675
8040,2,0,0,0,600,120,0,-600,120,5,0.001445792,0.006393616
8043,2,0,0,0,1700,40,0,-1700,40,5,0.002361582,0.010433112
8046,2,0,0,0,800,20,0,-800,20,5,0.001411711,0.006230562
8049,2,0,0,0,400,100,0,-400,100,5,0.000794768,0.003504232
8052,2,0,0,0,900,200,0,-900,200,5,0.186459182,0.821311516
8055,2,0,0,0,1200,60,0,-1200,60,5,0.000447954,0.001971195
8058,2,0,0,0,3200,20,0,-3200,20,5,0.001411711,0.006206033
8061,2,0,0,0,1300,180,0,-1300,180,5,0.222199096,0.975850931
8064,0,0,0,0,0,0,0,0,0,0,0.227921668,1
8067,2,0,0,0,1400,20,0,-1400,20,5,0.001768149,0.007764833
8070,2,0,0,0,600,180,0,-600,180,5,0.001420073,0.006241993
8073,2,0,0,0,100,100,0,-100,100,5,0.00213011,0.00937161
8076,2,0,0,0,1200,140,0,-1200,140,5,0.195970036,0.862982316
8079,2,0,0,0,200,180,0,-200,180,5,0.001420073,0.006259265
8082,2,0,0,0,300,425,0,-300,425,5,0.000602111,0.002656378
8085,2,0,0,0,400,140,0,-400,140,5,0.00067627,0.00298631
8088,2,0,0,0,1200,100,0,-1200,100,5,0.10508538,0.464470638
8091,2,0,0,0,100,1000,0,-100,1000,5,0.009469206,0.041892028
8094,2,0,0,0,300,200,0,-300,200,5,0.000670748,0.002970157
8097,2,0,0,0,800,425,0,-800,425,5,0.206198035,0.91391791
8100,2,0,0,0,500,100,0,-500,100,5,0,0
8103,2,0,0,0,300,120,0,-300,120,5,0.003082821,0.013689177
8106,2,0,0,0,200,100,0,-200,100,5,0.001024502,0.004553503
8109,2,0,0,0,1000,20,0,-1000,20,5,0.005202202,0.023143232
8112,2,0,0,0,100,40,0,-100,40,5,0.004422576,0.019693214
8115,2,0,0,0,400,1000,0,-400,1000,5,0.082678058,0.368499114
8118,2,0,0,0,1200,160,0,-1200,160,5,0.204489686,0.912268806
8121,2,0,0,0,3600,20,0,-3600,20,5,0.003592462,0.016041657
8124,0,0,0,0,0,0,0,0,0,0,0.223736569,1
8127,2,0,0,0,600,1000,0,-600,1000,5,0.197390117,0.882958772
8130,2,0,0,0,200,425,0,-200,425,5,0.0025413,0.011376881
8133,2,0,0,0,3300,20,0,-3300,20,5,0.003688402,0.016525633
8136,2,0,0,0,1200,80,0,-1200,80,5,0.009831956,0.044087213
8139,2,0,0,0,1100,40,0,-1100,40,5,0.00066775,0.002996676
8142,2,0,0,0,1700,20,0,-1700,20,5,0.001095975,0.004922435
8145,2,0,0,0,700,425,0,-700,425,5,0.181093026,0.814019363
8148,2,0,0,0,400,120,0,-400,120,5,0,0
8151,2,0,0,0,1700,80,0,-1700,80,5,0.190721776,0.85870025
8154,2,0,0,0,1100,60,0,-1100,60,5,0.002885583,0.013002578
8157,2,0,0,0,1100,425,0,-1100,425,5,0.21155945,0.954076482
8160,2,0,0,0,2700,20,0,-2700,20,5,0.003269794,0.01475796
8163,2,0,0,0,700,120,0,-700,120,5,0.000667908,0.003017018
8166,2,0,0,0,1400,40,0,-1400,40,5,0.002172389,0.009820977
8169,2,0,0,0,1000,80,0,-1000,80,5,0.000083,0.000375513
8172,2,0,0,0,100,160,0,-100,160,5,0.004599142,0.020826021
8175,2,0,0,0,2300,60,0,-2300,60,5,0.200230263,0.907435624
8178,2,0,0,0,100,200,0,-100,200,5,0.000752323,0.003412302
8181,2,0,0,0,700,200,0,-700,200,5,0.018508753,0.084018979
8184,0,0,0,0,0,0,0,0,0,0,0.220111266,1
8187,2,0,0,0,400,60,0,-400,60,5,0.001703141,0.007751706
8190,2,0,0,0,1300,60,0,-1300,60,5,0,0
8193,2,0,0,0,300,550,0,-300,550,5,0.002164026,0.009885335
8196,2,0,0,0,800,100,0,-800,100,5,0.000109346,0.000500407
8199,2,0,0,0,200,250,0,-200,250,5,0,0
8202,2,0,0,0,1100,120,0,-1100,120,5,0.112185746,0.515288755
8205,2,0,0,0,1400,120,0,-1400,120,5,0.190691158,0.877487964
8208,2,0,0,0,1100,20,0,-1100,20,5,0.000160784,0.000741229
8211,2,0,0,0,500,250,0,-500,250,5,0,0
8214,2,0,0,0,1100,1000,0,-1100,1000,5,0.207330629,0.959347157
8217,2,0,0,0,100,425,0,-100,425,5,0.005999967,0.027814082
8220,2,0,0,0,1000,200,0,-1000,200,5,0.176089019,0.817811388
8223,2,0,0,0,200,775,0,-200,775,5,0.000126702,0.000589537
8226,2,0,0,0,1200,200,0,-1200,200,5,0.200162874,0.933080133
8229,2,0,0,0,2400,20,0,-2400,20,5,0.001420073,0.00663217
8232,2,0,0,0,900,1000,0,-900,1000,5,0.201860981,0.944513897
8235,2,0,0,0,600,20,0,-600,20,5,0.005217507,0.024458597
8238,2,0,0,0,100,550,0,-100,550,5,0,0
8241,2,0,0,0,900,40,0,-900,40,5,0.005680293,0.026728152
8244,0,0,0,0,0,0,0,0,0,0,0.212121483,1
8247,2,0,0,0,1800,20,0,-1800,20,5,0.000676113,0.003194199
8250,2,0,0,0,2600,40,0,-2600,40,5,0.16117825,0.763095425
8253,2,0,0,0,1000,40,0,-1000,40,5,0.001417706,0.006726517
8256,2,0,0,0,400,425,0,-400,425,5,0.007844327,0.037298651
8259,2,0,0,0,100,775,0,-100,775,5,0.00066775,0.003181903
8262,2,0,0,0,700,160,0,-700,160,5,0.003583949,0.017114822
8265,2,0,0,0,1500,20,0,-1500,20,5,0.005680293,0.027184469
8268,2,0,0,0,4500,20,0,-4500,20,5,0.046186131,0.221515095
8271,2,0,0,0,700,180,0,-700,180,5,0.00066775,0.003209588
8274,2,0,0,0,300,250,0,-300,250,5,0.000620888,0.002990846
8277,2,0,0,0,1500,60,0,-1500,60,5,0.012065092,0.058245123
8280,2,0,0,0,1300,160,0,-1300,160,5,0.198810197,0.961872323
8283,2,0,0,0,500,425,0,-500,425,5,0.036921889,0.179025386
8286,2,0,0,0,800,250,0,-800,250,5,0.157628074,0.765981553
8289,2,0,0,0,3400,20,0,-3400,20,5,0,0
8292,2,0,0,0,400,180,0,-400,180,5,0.008520439,0.041587336
8295,2,0,0,0,900,120,0,-900,120,5,0.006423622,0.031422408
8298,2,0,0,0,400,250,0,-400,250,5,0.001431592,0.007018448
8301,2,0,0,0,3800,20,0,-3800,20,5,0.002840146,0.013954919
8304,0,0,0,0,0,0,0,0,0,0,0.20307041,1
8307,2,0,0,0,1000,250,0,-1000,250,5,0.188193392,0.928203678
8310,2,0,0,0,4400,20,0,-4400,20,5,0.033238219,0.164196274
8313,2,0,0,0,1100,160,0,-1100,160,5,0.16898866,0.836124311
8316,2,0,0,0,900,140,0,-900,140,5,0.041063769,0.203498361
8319,2,0,0,0,1000,160,0,-1000,160,5,0.166871962,0.828276612
8322,2,0,0,0,3700,20,0,-3700,20,5,0.000710037,0.003529911
8325,2,0,0,0,300,60,0,-300,60,5,0.002840146,0.014142165
8328,2,0,0,0,1900,60,0,-1900,60,5,0.156098821,0.778516813
8331,2,0,0,0,500,160,0,-500,160,5,0.001417391,0.007080311
8334,2,0,0,0,700,325,0,-700,325,5,0.142198348,0.71146361
8337,2,0,0,0,500,1000,0,-500,1000,5,0.135552886,0.679302894
8340,2,0,0,0,500,20,0,-500,20,5,0.00492797,0.024735483
8343,2,0,0,0,1100,550,0,-1100,550,5,0.193992182,0.975293648
8346,2,0,0,0,2000,80,0,-2000,80,5,0.190842956,0.961008489
8349,2,0,0,0,4600,20,0,-4600,20,5,0.06177317,0.311567414
8352,2,0,0,0,100,80,0,-100,80,5,0.000676113,0.00341565
8355,2,0,0,0,300,180,0,-300,180,5,0.008520439,0.043114131
8358,2,0,0,0,500,120,0,-500,120,5,0.00141676,0.00718056
8361,2,0,0,0,900,80,0,-900,80,5,0.00426022,0.021627171
8364,0,0,0,0,0,0,0,0,0,0,0.196664294,1
8367,2,0,0,0,2100,60,0,-2100,60,5,0.176089026,0.895409439
8370,2,0,0,0,500,775,0,-500,775,5,0.121449988,0.617592125
8373,2,0,0,0,1900,20,0,-1900,20,5,0.001592533,0.008098557
8376,2,0,0,0,2100,40,0,-2100,40,5,0.00967858,0.049220467
8379,2,0,0,0,200,1000,0,-200,1000,5,0.00145668,0.007408205
8382,2,0,0,0,1200,40,0,-1200,40,5,0.000581126,0.002955519
8385,2,0,0,0,100,120,0,-100,120,5,0.004266689,0.021700499
8388,2,0,0,0,1100,775,0,-1100,775,5,0.187464586,0.953482859
8391,2,0,0,0,200,120,0,-200,120,5,0.000166306,0.000845897
8394,2,0,0,0,4300,20,0,-4300,20,5,0.026550628,0.135051138
8397,2,0,0,0,200,200,0,-200,200,5,0.003584107,0.01823137
8400,2,0,0,0,300,160,0,-300,160,5,0.000710037,0.003611886
8403,2,0,0,0,600,775,0,-600,775,5,0.166858543,0.848821938
8406,2,0,0,0,1100,325,0,-1100,325,5,0.192419846,0.978887792
8409,2,0,0,0,1800,60,0,-1800,60,5,0.133775751,0.680573991
8412,2,0,0,0,500,325,0,-500,325,5,0.003348059,0.017033582
8415,2,0,0,0,2500,20,0,-2500,20,5,0.006341574,0.032264489
8418,2,0,0,0,1000,120,0,-1000,120,5,0.036000419,0.183168257
8421,2,0,0,0,700,250,0,-700,250,5,0.08878847,0.451766616
8424,0,0,0,0,0,0,0,0,0,0,0.196529402,1
8427,2,0,0,0,400,775,0,-400,775,5,0.046966382,0.239879702
8430,2,0,0,0,500,40,0,-500,40,5,0.0000265,0.000135901
8433,2,0,0,0,600,200,0,-600,200,5,0,0
8436,2,0,0,0,1000,180,0,-1000,180,5,0.157897265,0.815680337
8439,2,0,0,0,400,40,0,-400,40,5,0.003827413,0.019847673
8442,2,0,0,0,200,325,0,-200,325,5,0.001195386,0.006222684
8445,2,0,0,0,2200,40,0,-2200,40,5,0.034791779,0.181810026
8448,2,0,0,0,600,60,0,-600,60,5,0.002961957,0.015538106
8451,2,0,0,0,1100,180,0,-1100,180,5,0.175560917,0.924552948
8454,2,0,0,0,1600,80,0,-1600,80,5,0.154120178,0.814806794
8457,2,0,0,0,800,1000,0,-800,1000,5,0.181769297,0.964747073
8460,2,0,0,0,700,100,0,-700,100,5,0.002282215,0.012160573
8463,2,0,0,0,1200,20,0,-1200,20,5,0.0000163,0.0000869
8466,2,0,0,0,1000,60,0,-1000,60,5,0.003756883,0.020176887
8469,2,0,0,0,2900,20,0,-2900,20,5,0.003201476,0.017262416
8472,2,0,0,0,2000,20,0,-2000,20,5,0,0
8475,2,0,0,0,300,20,0,-300,20,5,0.003326758,0.018081847
8478,2,0,0,0,900,60,0,-900,60,5,0.001604841,0.00875788
8481,2,0,0,0,600,550,0,-600,550,5,0.144247205,0.790363992
8484,0,0,0,0,0,0,0,0,0,0,0.181769304,1
8487,2,0,0,0,200,80,0,-200,80,5,0.000752323,0.004145542
8490,2,0,0,0,1000,775,0,-1000,775,5,0.178929158,0.987543872
8493,2,0,0,0,1400,140,0,-1400,140,5,0.181769297,1
8496,2,0,0,0,1600,20,0,-1600,20,5,0.00066775,0.003697341
8499,2,0,0,0,2000,60,0,-2000,60,5,0.154313303,0.855816852
8502,2,0,0,0,1300,20,0,-1300,20,5,0.003583942,0.019908631
8505,2,0,0,0,1200,775,0,-1200,775,5,0.175790955,0.978095192
8508,2,0,0,0,100,250,0,-100,250,5,0.000752323,0.004192705
8511,2,0,0,0,600,140,0,-600,140,5,0.002816005,0.015719175
8514,2,0,0,0,700,140,0,-700,140,5,0.00359247,0.020086163
8517,2,0,0,0,600,100,0,-600,100,5,0,0
8520,2,0,0,0,3000,20,0,-3000,20,5,0.00563343,0.031600608
8523,2,0,0,0,1600,60,0,-1600,60,5,0.030689187,0.172432428
8526,2,0,0,0,400,325,0,-400,325,5,0.001174874,0.006612064
8529,2,0,0,0,1400,60,0,-1400,60,5,0.005910029,0.033315688
8532,2,0,0,0,1200,120,0,-1200,120,5,0.145709565,0.822738441
8535,2,0,0,0,200,20,0,-200,20,5,0,0
8538,2,0,0,0,4900,20,0,-4900,20,5,0.104950008,0.594550657
8541,2,0,0,0,1600,40,0,-1600,40,5,0,0
8544,0,0,0,0,0,0,0,0,0,0,0.175936605,1
8547,2,0,0,0,1200,1000,0,-1200,1000,5,0.183857127,1
8550,2,0,0,0,200,140,0,-200,140,5,0.003575587,0.020211477
8553,2,0,0,0,500,60,0,-500,60,5,0.00066775,0.003764203
8556,2,0,0,0,2200,60,0,-2200,60,5,0.166858543,0.938035485
8559,2,0,0,0,700,1000,0,-700,1000,5,0.170408733,0.955383151
8562,2,0,0,0,2100,20,0,-2100,20,5,0.005004022,0.027978415
8565,2,0,0,0,2900,40,0,-2900,40,5,0.161278925,0.899296336
8568,2,0,0,0,400,160,0,-400,160,5,0.003542294,0.019698552
8571,2,0,0,0,300,325,0,-300,325,5,0.000769206,0.004265994
8574,2,0,0,0,2300,40,0,-2300,40,5,0.068680083,0.379873598
8577,2,0,0,0,1300,80,0,-1300,80,5,0.032661676,0.180169292
8580,0,0,0,0,0,0,0,0,0,0,0.181769319,1
