0,1,0,0,0,100,200,0,-100,200,2,0,
3,1,0,0,0,200,200,0,-200,200,2,0,
6,1,0,0,0,300,200,0,-300,200,2,0.259873327,
9,1,0,0,0,400,200,0,-400,200,2,0.410006875,
12,1,0,0,0,500,200,0,-500,200,2,0.450163051,
15,1,0,0,0,600,200,0,-600,200,2,0.454069696,
18,1,0,0,0,700,200,0,-700,200,2,0.454763776,
21,1,0,0,0,800,200,0,-800,200,2,0.450163063,
24,1,0,0,0,900,200,0,-900,200,2,0.448742982,
27,1,0,0,0,1000,200,0,-1000,200,2,0.454423275,
30,1,0,0,0,1100,200,0,-1100,200,2,0.455843356,
33,1,0,0,0,1200,200,0,-1200,200,2,0.455175448,
36,1,0,0,0,1300,200,0,-1300,200,2,0.456595656,
39,1,0,0,0,1400,200,0,-1400,200,2,0.458007374,
363,1,0,0,0,100,1000,0,-100,1000,2,0,
366,1,0,0,0,200,1000,0,-200,1000,2,0.069583569,
369,1,0,0,0,300,1000,0,-300,1000,2,0.391263813,
372,1,0,0,0,400,1000,0,-400,1000,2,0.442394939,
375,1,0,0,0,500,1000,0,-500,1000,2,0.436706284,
378,1,0,0,0,600,1000,0,-600,1000,2,0.507709801,
381,1,0,0,0,700,1000,0,-700,1000,2,0.6227442,
384,1,0,0,0,800,1000,0,-800,1000,2,0.696587819,
387,1,0,0,0,900,1000,0,-900,1000,2,0.718556818,
390,1,0,0,0,1000,1000,0,-1000,1000,2,0.719976898,
393,1,0,0,0,100,1000,0,-100,1000,2,0,
396,1,0,0,0,200,1000,0,-200,1000,2,0.075263854,
399,1,0,0,0,300,1000,0,-300,1000,2,0.381982703,
402,1,0,0,0,400,1000,0,-400,1000,2,0.442394939,
405,1,0,0,0,500,1000,0,-500,1000,2,0.440974731,
408,1,0,0,0,600,1000,0,-600,1000,2,0.497777817,
411,1,0,0,0,700,1000,0,-700,1000,2,0.658913735,
414,1,0,0,0,800,1000,0,-800,1000,2,0.710036401,
417,1,0,0,0,900,1000,0,-900,1000,2,0.719309148,
420,1,0,0,0,1000,1000,0,-1000,1000,2,0.726409492,
1221,0,0,0,0,0,0,0,0,0,0,0.427441891,1
1224,1,0,0,0,2500,20,0,-2500,20,2,0.421761606,0.985892128
1227,1,0,0,0,600,775,0,-600,775,2,0.422505566,0.986812246
1230,1,0,0,0,1800,40,0,-1800,40,2,0.429614303,1.002584218
1233,1,0,0,0,600,140,0,-600,140,2,0.428194222,0.998442986
1236,1,0,0,0,400,775,0,-400,775,2,0.428185702,0.997597292
1239,1,0,0,0,1400,140,0,-1400,140,2,0.432454434,1.006710006
1242,1,0,0,0,300,775,0,-300,775,2,0.376826417,0.876489259
1245,1,0,0,0,600,325,0,-600,325,2,0.422378224,0.98163108
1248,1,0,0,0,1100,325,0,-1100,325,2,0.431702122,1.002473226
1251,1,0,0,0,300,250,0,-300,250,2,0.306735709,0.711696862
1254,1,0,0,0,100,160,0,-100,160,2,0,0
1257,1,0,0,0,800,250,0,-800,250,2,0.430801482,0.997913763
1260,1,0,0,0,300,200,0,-300,200,2,0.257033154,0.594905475
1263,1,0,0,0,1000,250,0,-1000,250,2,0.433122184,1.001642025
1266,1,0,0,0,1500,80,0,-1500,80,2,0.433122184,1.000820332
1269,1,0,0,0,500,160,0,-500,160,2,0.430282053,0.993442641
1272,1,0,0,0,600,80,0,-600,80,2,0.389657724,0.898911674
1275,1,0,0,0,1500,60,0,-1500,60,2,0.431702133,0.995090051
1278,1,0,0,0,2000,20,0,-2000,20,2,0.383419648,0.883074414
1281,0,0,0,0,0,0,0,0,0,0,0.434542265,1
1284,1,0,0,0,1400,40,0,-1400,40,2,0.431702122,0.993360684
1287,1,0,0,0,1900,60,0,-1900,60,2,0.433529113,0.997460859
1290,1,0,0,0,900,40,0,-900,40,2,0.379159436,0.872276717
1293,1,0,0,0,200,425,0,-200,425,2,0.028401457,0.065332285
1296,1,0,0,0,700,775,0,-700,775,2,0.457263425,1.051740323
1299,1,0,0,0,700,160,0,-700,160,2,0.431702122,0.992844134
1302,1,0,0,0,100,100,0,-100,100,2,0.000397305,0.000913641
1305,1,0,0,0,1300,60,0,-1300,60,2,0.438802481,1.008963929
1308,1,0,0,0,1000,325,0,-1000,325,2,0.440260588,1.01221139
1311,1,0,0,0,400,120,0,-400,120,2,0.334418609,0.768788179
1314,1,0,0,0,500,250,0,-500,250,2,0.435962334,1.002120817
1317,1,0,0,0,100,425,0,-100,425,2,0.001411553,0.003244316
1320,1,0,0,0,800,550,0,-800,550,2,0.438109327,1.006846666
1323,1,0,0,0,2300,20,0,-2300,20,2,0.411153355,0.944799258
1326,1,0,0,0,2200,40,0,-2200,40,2,0.435029191,0.999560252
1329,1,0,0,0,2400,40,0,-2400,40,2,0.434542254,0.998337693
1332,1,0,0,0,2000,40,0,-2000,40,2,0.434542254,0.998233984
1335,1,0,0,0,2900,20,0,-2900,20,2,0.435953829,1.001372641
1338,1,0,0,0,3800,20,0,-3800,20,2,0.436119188,1.001648425
1341,0,0,0,0,0,0,0,0,0,0,0.435446682,1
1344,1,0,0,0,1200,325,0,-1200,325,2,0.435962349,1.001289187
1347,1,0,0,0,800,80,0,-800,80,2,0.435962349,1.001394172
1350,1,0,0,0,1200,60,0,-1200,60,2,0.4361255,1.00187397
1353,1,0,0,0,1800,60,0,-1800,60,2,0.43892224,1.008404425
1356,1,0,0,0,1000,80,0,-1000,80,2,0.435962349,1.001709257
1359,1,0,0,0,200,775,0,-200,775,2,0.069928012,0.160690216
1362,1,0,0,0,400,250,0,-400,250,2,0.428633968,0.985077493
1365,1,0,0,0,1100,550,0,-1100,550,2,0.438802481,1.008552356
1368,1,0,0,0,1400,100,0,-1400,100,2,0.4373824,1.005393896
1371,1,0,0,0,1400,80,0,-1400,80,2,0.432578938,0.99445671
1374,1,0,0,0,200,550,0,-200,550,2,0.056802906,0.130598035
1377,1,0,0,0,1100,140,0,-1100,140,2,0.439512517,1.010608432
1380,1,0,0,0,200,120,0,-200,120,2,0,0
1383,1,0,0,0,3400,20,0,-3400,20,2,0.438802481,1.009187632
1386,1,0,0,0,900,160,0,-900,160,2,0.433789945,0.99776421
1389,1,0,0,0,500,775,0,-500,775,2,0.430273536,0.989780004
1392,1,0,0,0,800,120,0,-800,120,2,0.433269875,0.996777301
1395,1,0,0,0,300,140,0,-300,140,2,0.090884656,0.209110491
1398,1,0,0,0,900,80,0,-900,80,2,0.435210184,1.001451493
1401,0,0,0,0,0,0,0,0,0,0,0.434533748,1
1404,1,0,0,0,2700,20,0,-2700,20,2,0.434539586,1.000584695
1407,1,0,0,0,700,1000,0,-700,1000,2,0.710036367,1.635886865
1410,1,0,0,0,1000,775,0,-1000,775,2,0.560928732,1.293089731
1413,1,0,0,0,1000,1000,0,-1000,1000,2,0.768259376,1.77205539
1416,1,0,0,0,600,1000,0,-600,1000,2,0.566609055,1.307680124
1419,1,0,0,0,200,325,0,-200,325,2,0.022045051,0.050907041
1422,1,0,0,0,600,100,0,-600,100,2,0.436094732,1.007619253
1425,1,0,0,0,500,120,0,-500,120,2,0.426158299,0.985225365
1428,1,0,0,0,1100,200,0,-1100,200,2,0.432412144,1.000257175
1431,1,0,0,0,1100,160,0,-1100,160,2,0.433122188,1.002474946
1434,1,0,0,0,400,200,0,-400,200,2,0.420341522,0.973452653
1437,1,0,0,0,800,325,0,-800,325,2,0.432412144,1.001982213
1440,1,0,0,0,500,325,0,-500,325,2,0.430273536,0.997600132
1443,1,0,0,0,2400,20,0,-2400,20,2,0.430282056,0.998194043
1446,1,0,0,0,4000,20,0,-4000,20,2,0.433203921,1.005551081
1449,1,0,0,0,400,550,0,-400,550,2,0.432371908,1.004198092
1452,1,0,0,0,2500,40,0,-2500,40,2,0.432595341,1.005296263
1455,1,0,0,0,200,100,0,-200,100,2,0.000159522,0.000370922
1458,1,0,0,0,3000,20,0,-3000,20,2,0.432412144,1.006030534
1461,0,0,0,0,0,0,0,0,0,0,0.429572012,1
1464,1,0,0,0,300,160,0,-300,160,2,0.190999787,0.444481164
1467,1,0,0,0,800,60,0,-800,60,2,0.432378385,1.005867917
1470,1,0,0,0,800,775,0,-800,775,2,0.532660311,1.238750579
1473,1,0,0,0,300,120,0,-300,120,2,0.037132533,0.086326613
1476,1,0,0,0,1200,200,0,-1200,200,2,0.434542269,1.009901002
1479,1,0,0,0,1200,160,0,-1200,160,2,0.433119663,1.006262688
1482,1,0,0,0,700,550,0,-700,550,2,0.431693587,1.002618712
1485,1,0,0,0,800,160,0,-800,160,2,0.431702107,1.002307926
1488,1,0,0,0,200,80,0,-200,80,2,0.000414819,0.000962792
1491,1,0,0,0,800,40,0,-800,40,2,0.326616734,0.757825378
1494,1,0,0,0,200,200,0,-200,200,2,0,0
1497,1,0,0,0,2100,40,0,-2100,40,2,0.430289788,0.997713058
1500,1,0,0,0,900,1000,0,-900,1000,2,0.750508424,1.739631295
1503,1,0,0,0,1600,80,0,-1600,80,2,0.432412144,1.001974324
1506,1,0,0,0,200,180,0,-200,180,2,0.000735282,0.001703217
1509,1,0,0,0,3200,20,0,-3200,20,2,0.432412144,1.00131535
1512,1,0,0,0,1100,40,0,-1100,40,2,0.429605771,0.994489746
1515,1,0,0,0,1000,180,0,-1000,180,2,0.432412144,1.000657243
1518,1,0,0,0,800,140,0,-800,140,2,0.432564272,1.000680442
1521,0,0,0,0,0,0,0,0,0,0,0.432412144,1
1524,1,0,0,0,900,425,0,-900,425,2,0.432412144,1.000410676
1527,1,0,0,0,400,100,0,-400,100,2,0.269045253,0.622707592
1530,1,0,0,0,500,100,0,-500,100,2,0.396818347,0.918817026
1533,1,0,0,0,500,140,0,-500,140,2,0.428151932,0.991776323
1536,1,0,0,0,500,1000,0,-500,1000,2,0.431144191,0.99911845
1539,1,0,0,0,300,550,0,-300,550,2,0.400113848,0.927591386
1542,1,0,0,0,1100,60,0,-1100,60,2,0.432246784,1.002498319
1545,1,0,0,0,700,40,0,-700,40,2,0.226509973,0.525554842
1548,1,0,0,0,500,200,0,-500,200,2,0.429572012,0.997115799
1551,1,0,0,0,3300,20,0,-3300,20,2,0.431959005,1.003069743
1554,1,0,0,0,1300,180,0,-1300,180,2,0.434187243,1.008659795
1557,1,0,0,0,1200,40,0,-1200,40,2,0.430992093,1.001650197
1560,1,0,0,0,1300,120,0,-1300,120,2,0.433984323,1.00902057
1563,1,0,0,0,100,325,0,-100,325,2,0.002282215,0.005308379
1566,1,0,0,0,1600,40,0,-1600,40,2,0.432412144,1.006195763
1569,1,0,0,0,700,325,0,-700,325,2,0.429572012,1.000000007
1572,1,0,0,0,1000,425,0,-1000,425,2,0.433832224,1.01033484
1575,1,0,0,0,400,80,0,-400,80,2,0.126868199,0.29558056
1578,1,0,0,0,1700,40,0,-1700,40,2,0.430962422,1.00448196
1581,0,0,0,0,0,0,0,0,0,0,0.428861976,1
1584,1,0,0,0,500,180,0,-500,180,2,0.429572012,1.002817835
1587,1,0,0,0,1000,200,0,-1000,200,2,0.429527043,1.003877641
1590,1,0,0,0,100,250,0,-100,250,2,0.000678953,0.001588673
1593,1,0,0,0,3600,20,0,-3600,20,2,0.428490067,1.003786112
1596,1,0,0,0,100,180,0,-100,180,2,0.003583949,0.008405591
1599,1,0,0,0,500,425,0,-500,425,2,0.4253118,0.998666234
1602,1,0,0,0,1100,180,0,-1100,180,2,0.426669052,1.003023755
1605,1,0,0,0,1000,160,0,-1000,160,2,0.4253118,1.001002685
1608,1,0,0,0,1500,40,0,-1500,40,2,0.423891719,0.998828836
1611,1,0,0,0,1300,80,0,-1300,80,2,0.4253118,1.003350094
1614,1,0,0,0,900,550,0,-900,550,2,0.42830403,1.011595166
1617,1,0,0,0,1000,140,0,-1000,140,2,0.42818569,1.012504249
1620,1,0,0,0,200,250,0,-200,250,2,0.006390326,0.015128589
1623,1,0,0,0,1200,140,0,-1200,140,2,0.423276197,1.003253289
1626,1,0,0,0,1000,100,0,-1000,100,2,0.421051558,0.999157491
1629,1,0,0,0,400,60,0,-400,60,2,0.006390326,0.015182182
1632,1,0,0,0,200,1000,0,-200,1000,2,0.086624444,0.206046285
1635,1,0,0,0,600,250,0,-600,250,2,0.418211427,0.995941816
1638,1,0,0,0,2600,20,0,-2600,20,2,0.417683633,0.995863646
1641,0,0,0,0,0,0,0,0,0,0,0.418921471,1
1644,1,0,0,0,1600,60,0,-1600,60,2,0.420333001,1.003879886
1647,1,0,0,0,500,60,0,-500,60,2,0.211710428,0.50588466
1650,1,0,0,0,100,140,0,-100,140,2,0.000710037,0.001697505
1653,1,0,0,0,600,120,0,-600,120,2,0.418211427,1.000339653
1656,1,0,0,0,1100,120,0,-1100,120,2,0.418211427,1.000849596
1659,1,0,0,0,700,80,0,-700,80,2,0.418124013,1.001150757
1662,1,0,0,0,100,550,0,-100,550,2,0.000710037,0.00170097
1665,1,0,0,0,900,200,0,-900,200,2,0.415371295,0.995575231
1668,1,0,0,0,400,160,0,-400,160,2,0.381021933,0.913712075
1671,1,0,0,0,1100,775,0,-1100,775,2,0.602674444,1.445985919
1674,1,0,0,0,300,325,0,-300,325,2,0.374041477,0.897889853
1677,1,0,0,0,2200,20,0,-2200,20,2,0.384968151,0.924592206
1680,1,0,0,0,300,180,0,-300,180,2,0.24004436,0.57681849
1683,1,0,0,0,1000,60,0,-1000,60,2,0.417961651,1.004862078
1686,1,0,0,0,1400,60,0,-1400,60,2,0.417493027,1.004249709
1689,1,0,0,0,200,160,0,-200,160,2,0.001411711,0.00339751
1692,1,0,0,0,1100,100,0,-1100,100,2,0.417532474,1.005374866
1695,1,0,0,0,1100,425,0,-1100,425,2,0.414661258,0.998973659
1698,1,0,0,0,1000,40,0,-1000,40,2,0.379528324,0.914803237
1701,0,0,0,0,0,0,0,0,0,0,0.414661258,1
1704,1,0,0,0,1200,80,0,-1200,80,2,0.414652738,1.000241637
1707,1,0,0,0,1200,250,0,-1200,250,2,0.413443775,0.997586886
1710,1,0,0,0,100,1000,0,-100,1000,2,0.00026508,0.000639773
1713,1,0,0,0,400,140,0,-400,140,2,0.369218916,0.89134549
1716,1,0,0,0,300,80,0,-300,80,2,0.001420073,0.003429153
1719,1,0,0,0,300,1000,0,-300,1000,2,0.399040431,0.963844568
1722,1,0,0,0,3900,20,0,-3900,20,2,0.413241178,0.998407251
1725,1,0,0,0,1000,120,0,-1000,120,2,0.412531134,0.996953559
1728,1,0,0,0,2800,20,0,-2800,20,2,0.413832717,1.00036183
1731,1,0,0,0,800,200,0,-800,200,2,0.412531134,0.997477578
1734,1,0,0,0,800,100,0,-800,100,2,0.411111053,0.994305215
1737,1,0,0,0,700,425,0,-700,425,2,0.411079969,0.994491467
1740,1,0,0,0,900,250,0,-900,250,2,0.412281516,0.997660603
1743,1,0,0,0,700,60,0,-700,60,2,0.379159421,0.91775139
1746,1,0,0,0,1200,120,0,-1200,120,2,0.414652738,1.003926711
1749,1,0,0,0,900,100,0,-900,100,2,0.411263324,0.99598261
1752,1,0,0,0,100,200,0,-100,200,2,0.000160153,0.000387954
1755,1,0,0,0,1100,80,0,-1100,80,2,0.411062139,0.996019744
1758,1,0,0,0,700,200,0,-700,200,2,0.407642934,0.987995076
1761,0,0,0,0,0,0,0,0,0,0,0.412487427,1
1764,1,0,0,0,900,325,0,-900,325,2,0.410738521,0.995498809
1767,1,0,0,0,200,140,0,-200,140,2,5.63E-05,0.000136489
1770,1,0,0,0,1300,100,0,-1300,100,2,0.409412352,0.991764121
1773,1,0,0,0,700,100,0,-700,100,2,0.40804087,0.988182666
1776,1,0,0,0,600,60,0,-600,60,2,0.335847195,0.813132721
1779,1,0,0,0,900,140,0,-900,140,2,0.411064348,0.994983088
1782,1,0,0,0,400,425,0,-400,425,2,0.403196046,0.975682143
1785,1,0,0,0,400,1000,0,-400,1000,2,0.407683169,0.986282004
1788,1,0,0,0,1200,180,0,-1200,180,2,0.411821097,0.99603175
1791,1,0,0,0,2300,40,0,-2300,40,2,0.411758787,0.995620341
1794,1,0,0,0,400,325,0,-400,325,2,0.405219489,0.979552086
1797,1,0,0,0,900,180,0,-900,180,2,0.40723964,0.9841779
1800,1,0,0,0,1800,20,0,-1800,20,2,0.349329385,0.844005091
1803,1,0,0,0,600,550,0,-600,550,2,0.409043922,0.988021293
1806,1,0,0,0,700,180,0,-700,180,2,0.41068724,0.991731283
1809,1,0,0,0,900,775,0,-900,775,2,0.546727985,1.319898636
1812,1,0,0,0,1700,60,0,-1700,60,2,0.412615714,0.99586746
1815,1,0,0,0,400,180,0,-400,180,2,0.400460526,0.966277848
1818,1,0,0,0,800,425,0,-800,425,2,0.415900825,1.00327191
1821,0,0,0,0,0,0,0,0,0,0,0.414652738,1
1824,1,0,0,0,100,120,0,-100,120,2,0.000752323,0.001815587
1827,1,0,0,0,600,425,0,-600,425,2,0.408313193,0.986059968
1830,1,0,0,0,800,1000,0,-800,1000,2,0.710036382,1.71588449
1833,1,0,0,0,1900,20,0,-1900,20,2,0.364958704,0.882569483
1836,1,0,0,0,500,80,0,-500,80,2,0.3280368,0.793826674
1839,1,0,0,0,800,180,0,-800,180,2,0.410401031,0.993824523
1842,1,0,0,0,1900,40,0,-1900,40,2,0.410401031,0.99450749
1845,1,0,0,0,1300,140,0,-1300,140,2,0.411153355,0.997015722
1848,1,0,0,0,2100,20,0,-2100,20,2,0.379159436,0.920065607
1851,1,0,0,0,1300,40,0,-1300,40,2,0.410401031,0.996562032
1854,1,0,0,0,1300,160,0,-1300,160,2,0.409038869,0.993938799
1857,1,0,0,0,900,120,0,-900,120,2,0.407573346,0.991060614
1860,1,0,0,0,3500,20,0,-3500,20,2,0.410401043,9.99E-01
1863,1,0,0,0,100,775,0,-100,775,2,0.001402082,0.003414029
1866,1,0,0,0,300,100,0,-300,100,2,0.008520436,0.020761351
1869,1,0,0,0,300,425,0,-300,425,2,0.386259794,0.941832179
1872,1,0,0,0,700,140,0,-700,140,2,0.404720739,0.987529076
1875,1,0,0,0,1100,250,0,-1100,250,2,0.410302415,1.001841752
1878,1,0,0,0,600,200,0,-600,200,2,0.40756087,0.99583724
1881,0,0,0,0,0,0,0,0,0,0,0.408980951,1
1884,1,0,0,0,900,60,0,-900,60,2,0.406893142,0.994098544
1887,1,0,0,0,3100,20,0,-3100,20,2,0.404720739,0.988000017
1890,1,0,0,0,600,160,0,-600,160,2,0.406140819,0.990674165
1893,1,0,0,0,500,550,0,-500,550,2,0.406892985,0.991716138
1896,1,0,0,0,1000,550,0,-1000,550,2,0.410663114,1.00010623
1899,1,0,0,0,1500,100,0,-1500,100,2,0.408980951,0.995215318
1902,1,0,0,0,3700,20,0,-3700,20,2,0.410401031,0.997875193
1905,1,0,0,0,1400,120,0,-1400,120,2,0.410401031,0.997080708
1908,1,0,0,0,700,120,0,-700,120,2,0.411153355,0.998113822
1911,1,0,0,0,600,180,0,-600,180,2,0.40756087,0.988606245
1914,1,0,0,0,700,250,0,-700,250,2,0.408980951,0.991262919
1917,1,0,0,0,1200,100,0,-1200,100,2,0.411821112,0.997354549
1920,0,0,0,0,0,0,0,0,0,0,0.413241163,1
2235,2,0,0,0,100,200,0,-100,200,2,0.002840146,
2238,2,0,0,0,200,200,0,-200,200,2,0.000710037,
2241,2,0,0,0,300,200,0,-300,200,2,0.000710037,
2244,2,0,0,0,400,200,0,-400,200,2,0.009230472,
2247,2,0,0,0,500,200,0,-500,200,2,0.201650336,
2250,2,0,0,0,600,200,0,-600,200,2,0.324638738,
2253,2,0,0,0,700,200,0,-700,200,2,0.357148286,
2256,2,0,0,0,800,200,0,-800,200,2,0.365820838,
2259,2,0,0,0,900,200,0,-900,200,2,0.364248659,
2262,2,0,0,0,1000,200,0,-1000,200,2,0.367088821,
2265,2,0,0,0,1100,200,0,-1100,200,2,0.369566676,
2268,2,0,0,0,1200,200,0,-1200,200,2,0.369928952,
2271,2,0,0,0,1300,200,0,-1300,200,2,0.372769084,
2274,2,0,0,0,1400,200,0,-1400,200,2,0.372508106,
2277,2,0,0,0,1500,200,0,-1500,200,2,0.374054258,
2280,2,0,0,0,1600,200,0,-1600,200,2,0.374938813,
2424,2,0,0,0,100,1000,0,-100,1000,2,0,
2427,2,0,0,0,200,1000,0,-200,1000,2,0,
2430,2,0,0,0,300,1000,0,-300,1000,2,0.044022255,
2433,2,0,0,0,400,1000,0,-400,1000,2,0.27067597,
2436,2,0,0,0,500,1000,0,-500,1000,2,0.340107437,
2439,2,0,0,0,600,1000,0,-600,1000,2,0.342237532,
2442,2,0,0,0,700,1000,0,-700,1000,2,0.343883404,
2445,2,0,0,0,800,1000,0,-800,1000,2,0.346497744,
2448,2,0,0,0,900,1000,0,-900,1000,2,0.348566167,
2451,2,0,0,0,1000,1000,0,-1000,1000,2,0.454423279,
2454,2,0,0,0,1100,1000,0,-1100,1000,2,0.589321646,
2457,2,0,0,0,1200,1000,0,-1200,1000,2,0.641872913,
2460,2,0,0,0,1300,1000,0,-1300,1000,2,0.64193792,
2961,0,0,0,0,0,0,0,0,0,0,0.292400547,1
2964,2,0,0,0,2500,20,0,-2500,20,2,0.008520439,0.029102398
2967,2,0,0,0,600,775,0,-600,775,2,0.296760007,1.012320095
2970,2,0,0,0,1800,40,0,-1800,40,2,0.265553597,0.904713495
2973,2,0,0,0,600,140,0,-600,140,2,0.195916558,0.666618129
2976,2,0,0,0,400,775,0,-400,775,2,0.209505554,0.711949715
2979,2,0,0,0,1400,140,0,-1400,140,2,0.300656079,1.020404282
2982,2,0,0,0,300,775,0,-300,775,2,0.021301094,0.072202694
2985,2,0,0,0,600,325,0,-600,325,2,0.300156055,1.016128179
2988,2,0,0,0,1100,325,0,-1100,325,2,0.30239896,1.022426918
2991,2,0,0,0,300,250,0,-300,250,2,0,0
2994,2,0,0,0,100,160,0,-100,160,2,0,0
2997,2,0,0,0,800,250,0,-800,250,2,0.298215274,1.004471944
3000,2,0,0,0,300,200,0,-300,200,2,0,0
3003,2,0,0,0,1000,250,0,-1000,250,2,0.303895567,1.021032824
3006,2,0,0,0,1500,80,0,-1500,80,2,0.298215281,1.000690941
3009,2,0,0,0,500,160,0,-500,160,2,0.045442332,0.152295159
3012,2,0,0,0,600,80,0,-600,80,2,0.00426022,0.014259805
3015,2,0,0,0,1500,60,0,-1500,60,2,0.299635354,1.001685597
3018,2,0,0,0,2000,20,0,-2000,20,2,0.000848099,0.002831669
3021,0,0,0,0,0,0,0,0,0,0,0.299878983,1
3024,2,0,0,0,1400,40,0,-1400,40,2,0.165370475,0.551479769
3027,2,0,0,0,1900,60,0,-1900,60,2,0.301055413,1.004004579
3030,2,0,0,0,900,40,0,-900,40,2,0,0
3033,2,0,0,0,200,425,0,-200,425,2,0.000299478,0.000998824
3036,2,0,0,0,700,775,0,-700,775,2,0.299635354,0.999390552
3039,2,0,0,0,700,160,0,-700,160,2,0.279754322,0.933118144
3042,2,0,0,0,100,100,0,-100,100,2,0,0
3045,2,0,0,0,1300,60,0,-1300,60,2,0.274074029,0.914245867
3048,2,0,0,0,1000,325,0,-1000,325,2,0.299635362,0.999553017
3051,2,0,0,0,400,120,0,-400,120,2,0,0
3054,2,0,0,0,500,250,0,-500,250,2,0.225791555,0.753278825
3057,2,0,0,0,100,425,0,-100,425,2,8.93E-05,0.000297955
3060,2,0,0,0,800,550,0,-800,550,2,0.299635362,0.99971551
3063,2,0,0,0,2300,20,0,-2300,20,2,0.00466068,0.015550714
3066,2,0,0,0,2200,40,0,-2200,40,2,0.298215281,0.995058377
3069,2,0,0,0,2400,40,0,-2400,40,2,0.299635362,0.999837414
3072,2,0,0,0,2000,40,0,-2000,40,2,0.297950982,0.99425731
3075,2,0,0,0,2900,20,0,-2900,20,2,0.062483203,0.20851385
3078,2,0,0,0,3800,20,0,-3800,20,2,0.239992302,0.800915301
3081,0,0,0,0,0,0,0,0,0,0,0.299635362,1
3084,2,0,0,0,1200,325,0,-1200,325,2,0.301055435,1.005215746
3087,2,0,0,0,800,80,0,-800,80,2,0.182501434,0.609656302
3090,2,0,0,0,1200,60,0,-1200,60,2,0.264133547,0.882771736
3093,2,0,0,0,1800,60,0,-1800,60,2,0.299635362,1.001899346
3096,2,0,0,0,1000,80,0,-1000,80,2,0.269890028,0.902867734
3099,2,0,0,0,200,775,0,-200,775,2,0,0
3102,2,0,0,0,400,250,0,-400,250,2,0.024141241,0.080836912
3105,2,0,0,0,1100,550,0,-1100,550,2,0.298215281,0.99904852
3108,2,0,0,0,1400,100,0,-1400,100,2,0.296795201,0.994764369
3111,2,0,0,0,1400,80,0,-1400,80,2,0.295657256,0.99142222
3114,2,0,0,0,200,550,0,-200,550,2,0,0
3117,2,0,0,0,1100,140,0,-1100,140,2,0.297505876,0.99857219
3120,2,0,0,0,200,120,0,-200,120,2,0,0
3123,2,0,0,0,3400,20,0,-3400,20,2,0.194549974,0.653625978
3126,2,0,0,0,900,160,0,-900,160,2,0.293287161,0.985821831
3129,2,0,0,0,500,775,0,-500,775,2,0.288942534,0.97168211
3132,2,0,0,0,800,120,0,-800,120,2,0.279754322,0.941232653
3135,2,0,0,0,300,140,0,-300,140,2,0,0
3138,2,0,0,0,900,80,0,-900,80,2,0.234809508,0.790771588
3141,0,0,0,0,0,0,0,0,0,0,0.296795201,1
3144,2,0,0,0,2700,20,0,-2700,20,2,0.041182112,0.138888898
3147,2,0,0,0,700,1000,0,-700,1000,2,0.295975187,0.999149348
3150,2,0,0,0,1000,775,0,-1000,775,2,0.296795674,1.002880668
3153,2,0,0,0,1000,1000,0,-1000,1000,2,0.296859728,1.004060693
3156,2,0,0,0,600,1000,0,-600,1000,2,0.296795201,1.004807675
3159,2,0,0,0,200,325,0,-200,325,2,0.001073575,0.003638115
3162,2,0,0,0,600,100,0,-600,100,2,0.024141241,0.08188826
3165,2,0,0,0,500,120,0,-500,120,2,0.007100366,0.024108011
3168,2,0,0,0,1100,200,0,-1100,200,2,0.293955062,0.99903474
3171,2,0,0,0,1100,160,0,-1100,160,2,0.293955069,1.000000013
3174,2,0,0,0,400,200,0,-400,200,2,0.007100366,0.024177957
3177,2,0,0,0,800,325,0,-800,325,2,0.292534988,0.997095816
3180,2,0,0,0,500,325,0,-500,325,2,0.238572221,0.81395346
3183,2,0,0,0,2400,20,0,-2400,20,2,0.005382077,0.018380219
3186,2,0,0,0,4000,20,0,-4000,20,2,0.247092646,0.844660118
3189,2,0,0,0,400,550,0,-400,550,2,0.163308363,0.558794913
3192,2,0,0,0,2500,40,0,-2500,40,2,0.292543824,1.00197575
3195,2,0,0,0,200,100,0,-200,100,2,0.001371791,0.00470302
3198,2,0,0,0,3000,20,0,-3000,20,2,0.071923534,0.246821532
3201,0,0,0,0,0,0,0,0,0,0,0.29111493,1
3204,2,0,0,0,300,160,0,-300,160,2,0,0
3207,2,0,0,0,800,60,0,-800,60,2,0.007428403,0.025541999
3210,2,0,0,0,800,775,0,-800,775,2,0.290115514,0.998027473
3213,2,0,0,0,300,120,0,-300,120,2,0.001301103,0.004478116
3216,2,0,0,0,1200,200,0,-1200,200,2,0.289694857,0.997555024
3219,2,0,0,0,1200,160,0,-1200,160,2,0.289694857,0.998043068
3222,2,0,0,0,700,550,0,-700,550,2,0.289694857,0.998531589
3225,2,0,0,0,800,160,0,-800,160,2,0.288274784,0.994123427
3228,2,0,0,0,200,80,0,-200,80,2,0,0
3231,2,0,0,0,800,40,0,-800,40,2,0,0
3234,2,0,0,0,200,200,0,-200,200,2,0,0
3237,2,0,0,0,2100,40,0,-2100,40,2,0.289694857,1.000981385
3240,2,0,0,0,900,1000,0,-900,1000,2,0.289694857,1.001472788
3243,2,0,0,0,1600,80,0,-1600,80,2,0.288274776,0.997053055
3246,2,0,0,0,200,180,0,-200,180,2,0,0
3249,2,0,0,0,3200,20,0,-3200,20,2,0.134906914,0.467059984
3252,2,0,0,0,1100,40,0,-1100,40,2,0.00426022,0.014756522
3255,2,0,0,0,1000,180,0,-1000,180,2,0.286854688,0.994094455
3258,2,0,0,0,800,140,0,-800,140,2,0.282594483,0.979812917
3261,0,0,0,0,0,0,0,0,0,0,0.288274769,1
3264,2,0,0,0,900,425,0,-900,425,2,0.289694857,1.006165279
3267,2,0,0,0,400,100,0,-400,100,2,0,0
3270,2,0,0,0,500,100,0,-500,100,2,0,0
3273,2,0,0,0,500,140,0,-500,140,2,0.024141241,0.084158429
3276,2,0,0,0,500,1000,0,-500,1000,2,0.279754322,0.976455964
3279,2,0,0,0,300,550,0,-300,550,2,0.008857312,0.030953966
3282,2,0,0,0,1100,60,0,-1100,60,2,0.222951423,0.780124216
3285,2,0,0,0,700,40,0,-700,40,2,0.001025608,0.003593146
3288,2,0,0,0,500,200,0,-500,200,2,0.163308363,0.572851783
3291,2,0,0,0,3300,20,0,-3300,20,2,0.159048151,0.558603489
3294,2,0,0,0,1300,180,0,-1300,180,2,0.284014564,0.998751584
3297,2,0,0,0,1200,40,0,-1200,40,2,0.032661673,0.114999995
3300,2,0,0,0,1300,120,0,-1300,120,2,0.282594491,0.996245324
3303,2,0,0,0,100,325,0,-100,325,2,0,0
3306,2,0,0,0,1600,40,0,-1600,40,2,0.22011127,0.777917138
3309,2,0,0,0,700,325,0,-700,325,2,0.279754329,0.989949704
3312,2,0,0,0,1000,425,0,-1000,425,2,0.279754337,0.991194948
3315,2,0,0,0,400,80,0,-400,80,2,0,0
3318,2,0,0,0,1700,40,0,-1700,40,2,0.231471863,0.822194178
3321,0,0,0,0,0,0,0,0,0,0,0.281174418,1
3324,2,0,0,0,500,180,0,-500,180,2,0.109345604,0.389085387
3327,2,0,0,0,1000,200,0,-1000,200,2,0.281174418,1.001011131
3330,2,0,0,0,100,250,0,-100,250,2,0.001420073,0.00505817
3333,2,0,0,0,3600,20,0,-3600,20,2,0.210170772,0.748987849
3336,2,0,0,0,100,180,0,-100,180,2,0.000285593,0.001018284
3339,2,0,0,0,500,425,0,-500,425,2,0.249953462,0.891664353
3342,2,0,0,0,1100,180,0,-1100,180,2,0.280640786,1.001643324
3345,2,0,0,0,1000,160,0,-1000,160,2,0.279044308,0.996450335
3348,2,0,0,0,1500,40,0,-1500,40,2,0.193129893,0.690005065
3351,2,0,0,0,1300,80,0,-1300,80,2,0.277632748,0.992416255
3354,2,0,0,0,900,550,0,-900,550,2,0.279754337,1.00050789
3357,2,0,0,0,1000,140,0,-1000,140,2,0.278737873,0.997379172
3360,2,0,0,0,200,250,0,-200,250,2,0.000862142,0.003086484
3363,2,0,0,0,1200,140,0,-1200,140,2,0.278334256,0.99694812
3366,2,0,0,0,1000,100,0,-1000,100,2,0.278334256,0.997455477
3369,2,0,0,0,400,60,0,-400,60,2,0,0
3372,2,0,0,0,200,1000,0,-200,1000,2,0.000398409,0.001429219
3375,2,0,0,0,600,250,0,-600,250,2,0.258590362,0.928117048
3378,2,0,0,0,2600,20,0,-2600,20,2,0.015620802,0.056093836
3381,0,0,0,0,0,0,0,0,0,0,0.278334249,1
3384,2,0,0,0,1600,60,0,-1600,60,2,0.276914198,0.99642317
3387,2,0,0,0,500,60,0,-500,60,2,0,0
3390,2,0,0,0,100,140,0,-100,140,2,0,0
3393,2,0,0,0,600,120,0,-600,120,2,0.08236422,0.297741281
3396,2,0,0,0,1100,120,0,-1100,120,2,0.272653956,0.987146498
3399,2,0,0,0,700,80,0,-700,80,2,0.035823071,0.12989816
3402,2,0,0,0,100,550,0,-100,550,2,0,0
3405,2,0,0,0,900,200,0,-900,200,2,0.271233898,0.986570254
3408,2,0,0,0,400,160,0,-400,160,2,0.001465042,0.005337129
3411,2,0,0,0,1100,775,0,-1100,775,2,0.272653978,0.994818678
3414,2,0,0,0,300,325,0,-300,325,2,5.32E-05,0.000194315
3417,2,0,0,0,2200,20,0,-2200,20,2,0.001420073,0.005197507
3420,2,0,0,0,300,180,0,-300,180,2,0.000107294,0.000393314
3423,2,0,0,0,1000,60,0,-1000,60,2,0.167568583,0.615224167
3426,2,0,0,0,1400,60,0,-1400,60,2,0.265553605,0.976501271
3429,2,0,0,0,200,160,0,-200,160,2,0.000405825,0.001494654
3432,2,0,0,0,1100,100,0,-1100,100,2,0.268393766,0.990047159
3435,2,0,0,0,1100,425,0,-1100,425,2,0.269813839,0.996852056
3438,2,0,0,0,1000,40,0,-1000,40,2,0.001420073,0.005254862
3441,0,0,0,0,0,0,0,0,0,0,0.269813839,1
3444,2,0,0,0,1200,80,0,-1200,80,2,0.268393759,0.99573826
3447,2,0,0,0,1200,250,0,-1200,250,2,0.270371613,1.004086938
3450,2,0,0,0,100,1000,0,-100,1000,2,0,0
3453,2,0,0,0,400,140,0,-400,140,2,0,0
3456,2,0,0,0,300,80,0,-300,80,2,0,0
3459,2,0,0,0,300,1000,0,-300,1000,2,0.015620802,0.058246219
3462,2,0,0,0,3900,20,0,-3900,20,2,0.219443527,0.819081007
3465,2,0,0,0,1000,120,0,-1000,120,2,0.266305763,0.995003823
3468,2,0,0,0,2800,20,0,-2800,20,2,0.039094289,0.146217061
3471,2,0,0,0,800,200,0,-800,200,2,0.264877349,0.991677716
3474,2,0,0,0,800,100,0,-800,100,2,0.212334791,0.79577142
3477,2,0,0,0,700,425,0,-700,425,2,0.264133547,0.990906407
3480,2,0,0,0,900,250,0,-900,250,2,0.263465789,0.989408528
3483,2,0,0,0,700,60,0,-700,60,2,0.000371901,0.001398048
3486,2,0,0,0,1200,120,0,-1200,120,2,0.264133539,0.993941935
3489,2,0,0,0,900,100,0,-900,100,2,0.255613085,0.962862441
3492,2,0,0,0,100,200,0,-100,200,2,0,0
3495,2,0,0,0,1100,80,0,-1100,80,2,0.261293378,0.986275698
3498,2,0,0,0,700,200,0,-700,200,2,0.2603754,0.983818409
3501,0,0,0,0,0,0,0,0,0,0,0.264386627,1
3504,2,0,0,0,900,325,0,-900,325,2,0.264133539,0.999358959
3507,2,0,0,0,200,140,0,-200,140,2,0.000102718,0.000388762
3510,2,0,0,0,1300,100,0,-1300,100,2,0.262316932,0.993114456
3513,2,0,0,0,700,100,0,-700,100,2,0.164435583,0.622739417
3516,2,0,0,0,600,60,0,-600,60,2,3.23E-05,0.000122538
3519,2,0,0,0,900,140,0,-900,140,2,0.262713447,0.9955616
3522,2,0,0,0,400,425,0,-400,425,2,0.058222979,0.220707943
3525,2,0,0,0,400,1000,0,-400,1000,2,0.176089019,0.667718734
3528,2,0,0,0,1200,180,0,-1200,180,2,0.265553594,1.007282444
3531,2,0,0,0,2300,40,0,-2300,40,2,0.262713462,0.996825745
3534,2,0,0,0,400,325,0,-400,325,2,0.034081742,0.129358981
3537,2,0,0,0,900,180,0,-900,180,2,0.264125022,1.002818344
3540,2,0,0,0,1800,20,0,-1800,20,2,0,0
3543,2,0,0,0,600,550,0,-600,550,2,0.259873301,0.987302793
3546,2,0,0,0,700,180,0,-700,180,2,0.259873301,0.987616692
3549,2,0,0,0,900,775,0,-900,775,2,0.265553594,1.009524914
3552,2,0,0,0,1700,60,0,-1700,60,2,0.265545073,1.009813681
3555,2,0,0,0,400,180,0,-400,180,2,0.000752323,0.002861842
3558,2,0,0,0,800,425,0,-800,425,2,0.26204572,0.997140811
3561,0,0,0,0,0,0,0,0,0,0,0.262713447,1
3564,2,0,0,0,100,120,0,-100,120,2,0.001420069,0.005410511
3567,2,0,0,0,600,425,0,-600,425,2,0.258453235,0.985648542
3570,2,0,0,0,800,1000,0,-800,1000,2,0.264133543,1.008266783
3573,2,0,0,0,1900,20,0,-1900,20,2,0.001413446,0.005400617
3576,2,0,0,0,500,80,0,-500,80,2,0.000710037,0.002715547
3579,2,0,0,0,800,180,0,-800,180,2,0.260583337,0.997553665
3582,2,0,0,0,1900,40,0,-1900,40,2,0.249222782,0.954972191
3585,2,0,0,0,1300,140,0,-1300,140,2,0.263217904,1.009560072
3588,2,0,0,0,2100,20,0,-2100,20,2,0,0
3591,2,0,0,0,1300,40,0,-1300,40,2,0.061773162,0.237380623
3594,2,0,0,0,1300,160,0,-1300,160,2,0.260735465,1.002906575
3597,2,0,0,0,900,120,0,-900,120,2,0.261293396,1.006014269
3600,2,0,0,0,3500,20,0,-3500,20,2,0.189579707,0.730606089
3603,2,0,0,0,100,775,0,-100,775,2,0.000710037,0.002738977
3606,2,0,0,0,300,100,0,-300,100,2,0.000710037,0.002741605
3609,2,0,0,0,300,425,0,-300,425,2,0.000442905,0.001711795
3612,2,0,0,0,700,140,0,-700,140,2,0.223661449,0.865265725
3615,2,0,0,0,1100,250,0,-1100,250,2,0.257743206,0.998075342
3618,2,0,0,0,600,200,0,-600,200,2,0.220620456,0.855145497
3621,0,0,0,0,0,0,0,0,0,0,0.257743206,1
3624,2,0,0,0,900,60,0,-900,60,2,0.043312218,0.168107689
3627,2,0,0,0,3100,20,0,-3100,20,2,0.107367603,0.416883643
3630,2,0,0,0,600,160,0,-600,160,2,0.191033546,0.742020217
3633,2,0,0,0,500,550,0,-500,550,2,0.236061686,0.917267851
3636,2,0,0,0,1000,550,0,-1000,550,2,0.256323125,0.996375607
3639,2,0,0,0,1500,100,0,-1500,100,2,0.256323125,0.996753521
3642,2,0,0,0,3700,20,0,-3700,20,2,0.200740069,0.780906096
3645,2,0,0,0,1400,120,0,-1400,120,2,0.254757408,0.991417046
3648,2,0,0,0,700,120,0,-700,120,2,0.199022412,0.774812154
3651,2,0,0,0,600,180,0,-600,180,2,0.212300863,0.826820319
3654,2,0,0,0,700,250,0,-700,250,2,0.254819102,0.992787653
3657,2,0,0,0,1200,100,0,-1200,100,2,0.253482994,0.987957542
3660,0,0,0,0,0,0,0,0,0,0,0.256475223,1
